timestamp,leg_in_air,foot_RU_x,foot_RU_y,foot_LU_x,foot_LU_y,foot_RD_x,foot_RD_y,foot_LD_x,foot_LD_y,SM,SM_norm,TR,triangle_area,inradius
0.0,-1,0.14105461966467314,0.17684461966467313,-0.174298,0.096588,0.14105461966467314,-0.17348661966467313,-0.174298,-0.09323,0.05,1.0,0.0,0.02,1e-09
0.002253823000501143,-1,0.14105461966467314,0.17684461966467313,-0.174298,0.096588,0.14105461966467314,-0.17348661966467313,-0.174298,-0.09323,0.05,1.0,0.0,0.02,1e-09
0.0041984629970102105,-1,0.14105461966467314,0.17684461966467313,-0.174298,0.096588,0.14105461966467314,-0.17348661966467313,-0.174298,-0.09323,0.05,1.0,0.0,0.02,1e-09
0.023956712997460272,-1,0.14105461966467314,0.17684461966467313,-0.174298,0.096588,0.14105461966467314,-0.17348661966467313,-0.174298,-0.09323,0.05,1.0,0.0,0.02,1e-09
0.06938849499783828,-1,0.14105461966467314,0.17684461966467313,-0.174298,0.096588,0.14105461966467314,-0.17348661966467313,-0.174298,-0.09323,0.05,1.0,0.0,0.02,1e-09
0.1282764399984444,-1,0.14105461966467314,0.17684461966467313,-0.174298,0.096588,0.14105461966467314,-0.17348661966467313,-0.174298,-0.09323,0.05,1.0,0.0,0.02,1e-09
0.16724987300040084,-1,0.14105461966467314,0.17684461966467313,-0.174298,0.096588,0.14105461966467314,-0.17348661966467313,-0.174298,-0.09323,0.05,1.0,0.0,0.02,1e-09
0.22743068599811522,-1,0.14105461966467314,0.17684461966467313,-0.174298,0.096588,0.14105461966467314,-0.17348661966467313,-0.174298,-0.09323,0.05,1.0,0.0,0.02,1e-09
0.27205591299934895,-1,0.14105461966467314,0.17684461966467313,-0.174298,0.096588,0.14105461966467314,-0.17348661966467313,-0.174298,-0.09323,0.05,1.0,0.0,0.02,1e-09
0.31770324899844127,-1,0.14105461966467314,0.17684461966467313,-0.174298,0.096588,0.14105461966467314,-0.17348661966467313,-0.174298,-0.09323,0.05,1.0,0.0,0.02,1e-09
0.36625847699906444,-1,0.14105461966467314,0.17684461966467313,-0.174298,0.096588,0.14105461966467314,-0.17348661966467313,-0.174298,-0.09323,0.05,1.0,0.0,0.02,1e-09
0.4240839079975558,-1,0.14105461966467314,0.17684461966467313,-0.174298,0.096588,0.14105461966467314,-0.17348661966467313,-0.174298,-0.09323,0.05,1.0,0.0,0.02,1e-09
0.46808127499753027,-1,0.14105461966467314,0.17684461966467313,-0.174298,0.096588,0.14105461966467314,-0.17348661966467313,-0.174298,-0.09323,0.05,1.0,0.0,0.02,1e-09
0.5169009119999828,-1,0.14105461966467314,0.17684461966467313,-0.174298,0.096588,0.14105461966467314,-0.17348661966467313,-0.174298,-0.09323,0.05,1.0,0.0,0.02,1e-09
0.5748716929992952,-1,0.14105461966467314,0.17684461966467313,-0.174298,0.096588,0.14105461966467314,-0.17348661966467313,-0.174298,-0.09323,0.05,1.0,0.0,0.02,1e-09
0.6252377370001341,-1,0.14105461966467314,0.17684461966467313,-0.174298,0.096588,0.14105461966467314,-0.17348661966467313,-0.174298,-0.09323,0.05,1.0,0.0,0.02,1e-09
0.6787600839998049,-1,0.14105461966467314,0.17684461966467313,-0.174298,0.096588,0.14105461966467314,-0.17348661966467313,-0.174298,-0.09323,0.05,1.0,0.0,0.02,1e-09
0.7235728220002784,-1,0.14105461966467314,0.17684461966467313,-0.174298,0.096588,0.14105461966467314,-0.17348661966467313,-0.174298,-0.09323,0.05,1.0,0.0,0.02,1e-09
0.7747513929971319,-1,0.14105461966467314,0.17684461966467313,-0.174298,0.096588,0.14105461966467314,-0.17348661966467313,-0.174298,-0.09323,0.05,1.0,0.0,0.02,1e-09
0.8095083369989879,-1,0.14105461966467314,0.17684461966467313,-0.174298,0.096588,0.14105461966467314,-0.17348661966467313,-0.174298,-0.09323,0.05,1.0,0.0,0.02,1e-09
0.8637361619985313,-1,0.14105461966467314,0.17684461966467313,-0.174298,0.096588,0.14105461966467314,-0.17348661966467313,-0.174298,-0.09323,0.05,1.0,0.0,0.02,1e-09
1.2085294169992267,-1,0.14105461966467314,0.17684461966467313,-0.174298,0.096588,0.14105461966467314,-0.17348661966467313,-0.174298,-0.09323,0.05,1.0,0.0,0.02,1e-09
1.2150945739995223,-1,0.14105461966467314,0.17684461966467313,-0.174298,0.096588,0.14105461966467314,-0.17348661966467313,-0.174298,-0.09323,0.05,1.0,0.0,0.02,1e-09
1.2160192339979403,-1,0.14105461966467314,0.17684461966467313,-0.174298,0.096588,0.14105461966467314,-0.17348661966467313,-0.174298,-0.09323,0.05,1.0,0.0,0.02,1e-09
1.2170608889973664,-1,0.14105461966467314,0.17684461966467313,-0.174298,0.096588,0.14105461966467314,-0.17348661966467313,-0.174298,-0.09323,0.05,1.0,0.0,0.02,1e-09
1.2181822759994247,-1,0.14105461966467314,0.17684461966467313,-0.174298,0.096588,0.14105461966467314,-0.17348661966467313,-0.174298,-0.09323,0.05,1.0,0.0,0.02,1e-09
1.2203353499971854,-1,0.14105461966467314,0.17684461966467313,-0.174298,0.096588,0.14105461966467314,-0.17348661966467313,-0.174298,-0.09323,0.05,1.0,0.0,0.02,1e-09
1.221482589997322,-1,0.14105461966467314,0.17684461966467313,-0.174298,0.096588,0.14105461966467314,-0.17348661966467313,-0.174298,-0.09323,0.05,1.0,0.0,0.02,1e-09
1.2549031959970307,-1,0.14105461966467314,0.17684461966467313,-0.174298,0.096588,0.14105461966467314,-0.17348661966467313,-0.174298,-0.09323,0.05,1.0,0.0,0.02,1e-09
1.3086890079976001,-1,0.14105461966467314,0.17684461966467313,-0.174298,0.096588,0.14105461966467314,-0.17348661966467313,-0.174298,-0.09323,0.05,1.0,0.0,0.02,1e-09
1.3674141769988637,-1,0.14105461966467314,0.17684461966467313,-0.174298,0.096588,0.14105461966467314,-0.17348661966467313,-0.174298,-0.09323,0.05,1.0,0.0,0.02,1e-09
1.4031084019989066,-1,0.14105461966467314,0.17684461966467313,-0.174298,0.096588,0.14105461966467314,-0.17348661966467313,-0.174298,-0.09323,0.05,1.0,0.0,0.02,1e-09
1.4548567909987469,-1,0.14105461966467314,0.17684461966467313,-0.174298,0.096588,0.14105461966467314,-0.17348661966467313,-0.174298,-0.09323,0.05,1.0,0.0,0.02,1e-09
1.503969015997427,-1,0.14105461966467314,0.17684461966467313,-0.174298,0.096588,0.14105461966467314,-0.17348661966467313,-0.174298,-0.09323,0.05,1.0,0.0,0.02,1e-09
1.5560804099986854,-1,0.14105461966467314,0.17684461966467313,-0.174298,0.096588,0.14105461966467314,-0.17348661966467313,-0.174298,-0.09323,0.05,1.0,0.0,0.02,1e-09
1.6034354309995251,-1,0.14105461966467314,0.17684461966467313,-0.174298,0.096588,0.14105461966467314,-0.17348661966467313,-0.174298,-0.09323,0.05,1.0,0.0,0.02,1e-09
1.6647707409974828,-1,0.14105461966467314,0.17684461966467313,-0.174298,0.096588,0.14105461966467314,-0.17348661966467313,-0.174298,-0.09323,0.05,1.0,0.0,0.02,1e-09
1.7090486889974272,-1,0.14105461966467314,0.17684461966467313,-0.174298,0.096588,0.14105461966467314,-0.17348661966467313,-0.174298,-0.09323,0.05,1.0,0.0,0.02,1e-09
1.7591076569988218,-1,0.14105461966467314,0.17684461966467313,-0.174298,0.096588,0.14105461966467314,-0.17348661966467313,-0.174298,-0.09323,0.05,1.0,0.0,0.02,1e-09
1.8059267229982652,-1,0.14105461966467314,0.17684461966467313,-0.174298,0.096588,0.14105461966467314,-0.17348661966467313,-0.174298,-0.09323,0.05,1.0,0.0,0.02,1e-09
1.8633491580003465,-1,0.14105461966467314,0.17684461966467313,-0.174298,0.096588,0.14105461966467314,-0.17348661966467313,-0.174298,-0.09323,0.05,1.0,0.0,0.02,1e-09
1.9134337269970274,-1,0.14105461966467314,0.17684461966467313,-0.174298,0.096588,0.14105461966467314,-0.17348661966467313,-0.174298,-0.09323,0.05,1.0,0.0,0.02,1e-09
1.9604321570004686,-1,0.14105461966467314,0.17684461966467313,-0.174298,0.096588,0.14105461966467314,-0.17348661966467313,-0.174298,-0.09323,0.05,1.0,0.0,0.02,1e-09
2.0055503829971713,-1,0.14105461966467314,0.17684461966467313,-0.174298,0.096588,0.14105461966467314,-0.17348661966467313,-0.174298,-0.09323,0.05,1.0,0.0,0.02,1e-09
2.06061377199876,-1,0.14105461966467314,0.17684461966467313,-0.174298,0.096588,0.14105461966467314,-0.17348661966467313,-0.174298,-0.09323,0.05,1.0,0.0,0.02,1e-09
2.106674877999467,-1,0.14105461966467314,0.17684461966467313,-0.174298,0.096588,0.14105461966467314,-0.17348661966467313,-0.174298,-0.09323,0.05,1.0,0.0,0.02,1e-09
2.153963622997253,-1,0.14105461966467314,0.17684461966467313,-0.174298,0.096588,0.14105461966467314,-0.17348661966467313,-0.174298,-0.09323,0.05,1.0,0.0,0.02,1e-09
2.2101389299969014,-1,0.14105461966467314,0.17684461966467313,-0.174298,0.096588,0.14105461966467314,-0.17348661966467313,-0.174298,-0.09323,0.05,1.0,0.0,0.02,1e-09
2.255912440999964,-1,0.14105461966467314,0.17684461966467313,-0.174298,0.096588,0.14105461966467314,-0.17348661966467313,-0.174298,-0.09323,0.05,1.0,0.0,0.02,1e-09
2.3094725259979896,-1,0.14105461966467314,0.17684461966467313,-0.174298,0.096588,0.14105461966467314,-0.17348661966467313,-0.174298,-0.09323,0.05,1.0,0.0,0.02,1e-09
2.3634944900004484,-1,0.14105461966467314,0.17684461966467313,-0.174298,0.096588,0.14105461966467314,-0.17348661966467313,-0.174298,-0.09323,0.05,1.0,0.0,0.02,1e-09
2.4156939439999405,-1,0.14105461966467314,0.17684461966467313,-0.174298,0.096588,0.14105461966467314,-0.17348661966467313,-0.174298,-0.09323,0.05,1.0,0.0,0.02,1e-09
2.452466466998885,-1,0.14105461966467314,0.17684461966467313,-0.174298,0.096588,0.14105461966467314,-0.17348661966467313,-0.174298,-0.09323,0.05,1.0,0.0,0.02,1e-09
2.5154511090004235,-1,0.14105461966467314,0.17684461966467313,-0.174298,0.096588,0.14105461966467314,-0.17348661966467313,-0.174298,-0.09323,0.05,1.0,0.0,0.02,1e-09
2.5552291149979283,-1,0.14105461966467314,0.17684461966467313,-0.174298,0.096588,0.14105461966467314,-0.17348661966467313,-0.174298,-0.09323,0.05,1.0,0.0,0.02,1e-09
2.609506794000481,-1,0.14105461966467314,0.17684461966467313,-0.174298,0.096588,0.14105461966467314,-0.17348661966467313,-0.174298,-0.09323,0.05,1.0,0.0,0.02,1e-09
2.6547519779996946,-1,0.14105461966467314,0.17684461966467313,-0.174298,0.096588,0.14105461966467314,-0.17348661966467313,-0.174298,-0.09323,0.05,1.0,0.0,0.02,1e-09
2.7118440909980563,-1,0.14105461966467314,0.17684461966467313,-0.174298,0.096588,0.14105461966467314,-0.17348661966467313,-0.174298,-0.09323,0.05,1.0,0.0,0.02,1e-09
2.7668941259980784,-1,0.14105461966467314,0.17684461966467313,-0.174298,0.096588,0.14105461966467314,-0.17348661966467313,-0.174298,-0.09323,0.05,1.0,0.0,0.02,1e-09
2.805961258000025,-1,0.14105461966467314,0.17684461966467313,-0.174298,0.096588,0.14105461966467314,-0.17348661966467313,-0.174298,-0.09323,0.05,1.0,0.0,0.02,1e-09
2.8582420169987017,-1,0.14105461966467314,0.17684461966467313,-0.174298,0.096588,0.14105461966467314,-0.17348661966467313,-0.174298,-0.09323,0.05,1.0,0.0,0.02,1e-09
2.907086356997752,-1,0.14105461966467314,0.17684461966467313,-0.174298,0.096588,0.14105461966467314,-0.17348661966467313,-0.174298,-0.09323,0.05,1.0,0.0,0.02,1e-09
2.9536692069996207,-1,0.14105461966467314,0.17684461966467313,-0.174298,0.096588,0.14105461966467314,-0.17348661966467313,-0.174298,-0.09323,0.05,1.0,0.0,0.02,1e-09
3.0021081359991513,-1,0.14105461966467314,0.17684461966467313,-0.174298,0.096588,0.14105461966467314,-0.17348661966467313,-0.174298,-0.09323,0.05,1.0,0.0,0.02,1e-09
3.063157868000417,-1,0.14105461966467314,0.17684461966467313,-0.174298,0.096588,0.14105461966467314,-0.17348661966467313,-0.174298,-0.09323,0.05,1.0,0.0,0.02,1e-09
3.1039932209969265,-1,0.14105461966467314,0.17684461966467313,-0.174298,0.096588,0.14105461966467314,-0.17348661966467313,-0.174298,-0.09323,0.05,1.0,0.0,0.02,1e-09
3.15274958900045,-1,0.14105461966467314,0.17684461966467313,-0.174298,0.096588,0.14105461966467314,-0.17348661966467313,-0.174298,-0.09323,0.05,1.0,0.0,0.02,1e-09
3.2047552009971696,-1,0.14105461966467314,0.17684461966467313,-0.174298,0.096588,0.14105461966467314,-0.17348661966467313,-0.174298,-0.09323,0.05,1.0,0.0,0.02,1e-09
3.252782864998153,-1,0.14105461966467314,0.17684461966467313,-0.174298,0.096588,0.14105461966467314,-0.17348661966467313,-0.174298,-0.09323,0.05,1.0,0.0,0.02,1e-09
3.310632438999164,-1,0.14105461966467314,0.17684461966467313,-0.174298,0.096588,0.14105461966467314,-0.17348661966467313,-0.174298,-0.09323,0.05,1.0,0.0,0.02,1e-09
3.356292788997962,-1,0.14105461966467314,0.17684461966467313,-0.174298,0.096588,0.14105461966467314,-0.17348661966467313,-0.174298,-0.09323,0.05,1.0,0.0,0.02,1e-09
3.403207975999976,-1,0.14105461966467314,0.17684461966467313,-0.174298,0.096588,0.14105461966467314,-0.17348661966467313,-0.174298,-0.09323,0.05,1.0,0.0,0.02,1e-09
3.4534932659989863,-1,0.14105461966467314,0.17684461966467313,-0.174298,0.096588,0.14105461966467314,-0.17348661966467313,-0.174298,-0.09323,0.05,1.0,0.0,0.02,1e-09
3.5083004389998678,-1,0.14105461966467314,0.17684461966467313,-0.174298,0.096588,0.14105461966467314,-0.17348661966467313,-0.174298,-0.09323,0.05,1.0,0.0,0.02,1e-09
3.557236393000494,-1,0.14105461966467314,0.17684461966467313,-0.174298,0.096588,0.14105461966467314,-0.17348661966467313,-0.174298,-0.09323,0.05,1.0,0.0,0.02,1e-09
3.602666398997826,-1,0.14105461966467314,0.17684461966467313,-0.174298,0.096588,0.14105461966467314,-0.17348661966467313,-0.174298,-0.09323,0.05,1.0,0.0,0.02,1e-09
3.6614216879970627,-1,0.14105461966467314,0.17684461966467313,-0.174298,0.096588,0.14105461966467314,-0.17348661966467313,-0.174298,-0.09323,0.05,1.0,0.0,0.02,1e-09
3.710599332996935,-1,0.14105461966467314,0.17684461966467313,-0.174298,0.096588,0.14105461966467314,-0.17348661966467313,-0.174298,-0.09323,0.05,1.0,0.0,0.02,1e-09
3.7564034319984785,-1,0.14105461966467314,0.17684461966467313,-0.174298,0.096588,0.14105461966467314,-0.17348661966467313,-0.174298,-0.09323,0.05,1.0,0.0,0.02,1e-09
3.82510127599744,-1,0.14105461966467314,0.17684461966467313,-0.174298,0.096588,0.14105461966467314,-0.17348661966467313,-0.174298,-0.09323,0.05,1.0,0.0,0.02,1e-09
3.8545809949973773,-1,0.14105461966467314,0.17684461966467313,-0.174298,0.096588,0.14105461966467314,-0.17348661966467313,-0.174298,-0.09323,0.05,1.0,0.0,0.02,1e-09
3.9046229460000177,-1,0.14105461966467314,0.17684461966467313,-0.174298,0.096588,0.14105461966467314,-0.17348661966467313,-0.174298,-0.09323,0.05,1.0,0.0,0.02,1e-09
3.9547336069990706,-1,0.14105461966467314,0.17684461966467313,-0.174298,0.096588,0.14105461966467314,-0.17348661966467313,-0.174298,-0.09323,0.05,1.0,0.0,0.02,1e-09
4.018623705997015,-1,0.14105461966467314,0.17684461966467313,-0.174298,0.096588,0.14105461966467314,-0.17348661966467313,-0.174298,-0.09323,0.05,1.0,0.0,0.02,1e-09
4.066771338999388,-1,0.14105461966467314,0.17684461966467313,-0.174298,0.096588,0.14105461966467314,-0.17348661966467313,-0.174298,-0.09323,0.05,1.0,0.0,0.02,1e-09
4.114695492997271,-1,0.14105461966467314,0.17684461966467313,-0.174298,0.096588,0.14105461966467314,-0.17348661966467313,-0.174298,-0.09323,0.05,1.0,0.0,0.02,1e-09
4.162776119999762,-1,0.14105461966467314,0.17684461966467313,-0.174298,0.096588,0.14105461966467314,-0.17348661966467313,-0.174298,-0.09323,0.05,1.0,0.0,0.02,1e-09
4.206172422000236,-1,0.14105461966467314,0.17684461966467313,-0.174298,0.096588,0.14105461966467314,-0.17348661966467313,-0.174298,-0.09323,0.05,1.0,0.0,0.02,1e-09
4.26138300799721,-1,0.14105461966467314,0.17684461966467313,-0.174298,0.096588,0.14105461966467314,-0.17348661966467313,-0.174298,-0.09323,0.05,1.0,0.0,0.02,1e-09
4.304429657997389,-1,0.14105461966467314,0.17684461966467313,-0.174298,0.096588,0.14105461966467314,-0.17348661966467313,-0.174298,-0.09323,0.05,1.0,0.0,0.02,1e-09
4.363187537997874,-1,0.14105461966467314,0.17684461966467313,-0.174298,0.096588,0.14105461966467314,-0.17348661966467313,-0.174298,-0.09323,0.05,1.0,0.0,0.02,1e-09
4.408664324997517,-1,0.14105461966467314,0.17684461966467313,-0.174298,0.096588,0.14105461966467314,-0.17348661966467313,-0.174298,-0.09323,0.05,1.0,0.0,0.02,1e-09
4.4586597889974655,-1,0.14105461966467314,0.17684461966467313,-0.174298,0.096588,0.14105461966467314,-0.17348661966467313,-0.174298,-0.09323,0.05,1.0,0.0,0.02,1e-09
4.504489628998272,-1,0.14105461966467314,0.17684461966467313,-0.174298,0.096588,0.14105461966467314,-0.17348661966467313,-0.174298,-0.09323,0.05,1.0,0.0,0.02,1e-09
4.553171513998677,-1,0.14105461966467314,0.17684461966467313,-0.174298,0.096588,0.14105461966467314,-0.17348661966467313,-0.174298,-0.09323,0.05,1.0,0.0,0.02,1e-09
4.605219435998151,-1,0.14105461966467314,0.17684461966467313,-0.174298,0.096588,0.14105461966467314,-0.17348661966467313,-0.174298,-0.09323,0.05,1.0,0.0,0.02,1e-09
4.6562489030002325,-1,0.14105461966467314,0.17684461966467313,-0.174298,0.096588,0.14105461966467314,-0.17348661966467313,-0.174298,-0.09323,0.05,1.0,0.0,0.02,1e-09
4.707982272997469,-1,0.14105461966467314,0.17684461966467313,-0.174298,0.096588,0.14105461966467314,-0.17348661966467313,-0.174298,-0.09323,0.05,1.0,0.0,0.02,1e-09
4.753564491998986,-1,0.14105461966467314,0.17684461966467313,-0.174298,0.096588,0.14105461966467314,-0.17348661966467313,-0.174298,-0.09323,0.05,1.0,0.0,0.02,1e-09
4.801790322999295,-1,0.14105461966467314,0.17684461966467313,-0.174298,0.096588,0.14105461966467314,-0.17348661966467313,-0.174298,-0.09323,0.05,1.0,0.0,0.02,1e-09
4.864683165000315,-1,0.14105461966467314,0.17684461966467313,-0.174298,0.096588,0.14105461966467314,-0.17348661966467313,-0.174298,-0.09323,0.05,1.0,0.0,0.02,1e-09
4.912938896999549,-1,0.14105461966467314,0.17684461966467313,-0.174298,0.096588,0.14105461966467314,-0.17348661966467313,-0.174298,-0.09323,0.05,1.0,0.0,0.02,1e-09
4.9562601529978565,-1,0.14105461966467314,0.17684461966467313,-0.174298,0.096588,0.14105461966467314,-0.17348661966467313,-0.174298,-0.09323,0.05,1.0,0.0,0.02,1e-09
5.009514232999209,-1,0.14105461966467314,0.17684461966467313,-0.174298,0.096588,0.14105461966467314,-0.17348661966467313,-0.174298,-0.09323,0.05,1.0,0.0,0.02,1e-09
5.056104991999746,-1,0.14105461966467314,0.17684461966467313,-0.174298,0.096588,0.14105461966467314,-0.17348661966467313,-0.174298,-0.09323,0.05,1.0,0.0,0.02,1e-09
5.106071214999247,-1,0.14105461966467314,0.17684461966467313,-0.174298,0.096588,0.14105461966467314,-0.17348661966467313,-0.174298,-0.09323,0.05,1.0,0.0,0.02,1e-09
5.156125855999562,-1,0.14105461966467314,0.17684461966467313,-0.174298,0.096588,0.14105461966467314,-0.17348661966467313,-0.174298,-0.09323,0.05,1.0,0.0,0.02,1e-09
5.204326167997351,-1,0.14105461966467314,0.17684461966467313,-0.174298,0.096588,0.14105461966467314,-0.17348661966467313,-0.174298,-0.09323,0.05,1.0,0.0,0.02,1e-09
5.255037057999289,-1,0.14105461966467314,0.17684461966467313,-0.174298,0.096588,0.14105461966467314,-0.17348661966467313,-0.174298,-0.09323,0.05,1.0,0.0,0.02,1e-09
5.303740641997138,-1,0.14105461966467314,0.17684461966467313,-0.174298,0.096588,0.14105461966467314,-0.17348661966467313,-0.174298,-0.09323,0.05,1.0,0.0,0.02,1e-09
5.3610355780001555,-1,0.14105461966467314,0.17684461966467313,-0.174298,0.096588,0.14105461966467314,-0.17348661966467313,-0.174298,-0.09323,0.05,1.0,0.0,0.02,1e-09
5.402799360999779,-1,0.14105461966467314,0.17684461966467313,-0.174298,0.096588,0.14105461966467314,-0.17348661966467313,-0.174298,-0.09323,0.05,1.0,0.0,0.02,1e-09
5.457179255998199,-1,0.14105461966467314,0.17684461966467313,-0.174298,0.096588,0.14105461966467314,-0.17348661966467313,-0.174298,-0.09323,0.05,1.0,0.0,0.02,1e-09
5.5025975039970945,-1,0.14105461966467314,0.17684461966467313,-0.174298,0.096588,0.14105461966467314,-0.17348661966467313,-0.174298,-0.09323,0.05,1.0,0.0,0.02,1e-09
5.558742893997987,-1,0.14105461966467314,0.17684461966467313,-0.174298,0.096588,0.14105461966467314,-0.17348661966467313,-0.174298,-0.09323,0.05,1.0,0.0,0.02,1e-09
5.608176303998334,-1,0.14105461966467314,0.17684461966467313,-0.174298,0.096588,0.14105461966467314,-0.17348661966467313,-0.174298,-0.09323,0.05,1.0,0.0,0.02,1e-09
5.660584096000093,-1,0.14105461966467314,0.17684461966467313,-0.174298,0.096588,0.14105461966467314,-0.17348661966467313,-0.174298,-0.09323,0.05,1.0,0.0,0.02,1e-09
5.706055929997092,-1,0.14105461966467314,0.17684461966467313,-0.174298,0.096588,0.14105461966467314,-0.17348661966467313,-0.174298,-0.09323,0.05,1.0,0.0,0.02,1e-09
5.755843275997904,-1,0.14105461966467314,0.17684461966467313,-0.174298,0.096588,0.14105461966467314,-0.17348661966467313,-0.174298,-0.09323,0.05,1.0,0.0,0.02,1e-09
5.804068536999694,-1,0.14105461966467314,0.17684461966467313,-0.174298,0.096588,0.14105461966467314,-0.17348661966467313,-0.174298,-0.09323,0.05,1.0,0.0,0.02,1e-09
5.85935626599894,-1,0.14105461966467314,0.17684461966467313,-0.174298,0.096588,0.14105461966467314,-0.17348661966467313,-0.174298,-0.09323,0.05,1.0,0.0,0.02,1e-09
5.904201331999502,-1,0.14105461966467314,0.17684461966467313,-0.174298,0.096588,0.14105461966467314,-0.17348661966467313,-0.174298,-0.09323,0.05,1.0,0.0,0.02,1e-09
5.9565240159972745,-1,0.14105461966467314,0.17684461966467313,-0.174298,0.096588,0.14105461966467314,-0.17348661966467313,-0.174298,-0.09323,0.05,1.0,0.0,0.02,1e-09
6.071273296998697,-1,0.14105461966467314,0.17684461966467313,-0.174298,0.096588,0.14105461966467314,-0.17348661966467313,-0.174298,-0.09323,0.05,1.0,0.0,0.02,1e-09
6.09100481600035,-1,0.14105461966467314,0.17684461966467313,-0.174298,0.096588,0.14105461966467314,-0.17348661966467313,-0.174298,-0.09323,0.05,1.0,0.0,0.02,1e-09
6.109152959998028,-1,0.14105461966467314,0.17684461966467313,-0.174298,0.096588,0.14105461966467314,-0.17348661966467313,-0.174298,-0.09323,0.05,1.0,0.0,0.02,1e-09
6.158008829999744,-1,0.14105461966467314,0.17684461966467313,-0.174298,0.096588,0.14105461966467314,-0.17348661966467313,-0.174298,-0.09323,0.05,1.0,0.0,0.02,1e-09
6.207927979998203,-1,0.14105461966467314,0.17684461966467313,-0.174298,0.096588,0.14105461966467314,-0.17348661966467313,-0.174298,-0.09323,0.05,1.0,0.0,0.02,1e-09
6.253794956999627,-1,0.14105461966467314,0.17684461966467313,-0.174298,0.096588,0.14105461966467314,-0.17348661966467313,-0.174298,-0.09323,0.05,1.0,0.0,0.02,1e-09
6.307984047998616,-1,0.14105461966467314,0.17684461966467313,-0.174298,0.096588,0.14105461966467314,-0.17348661966467313,-0.174298,-0.09323,0.05,1.0,0.0,0.02,1e-09
6.354861142997834,-1,0.14105461966467314,0.17684461966467313,-0.174298,0.096588,0.14105461966467314,-0.17348661966467313,-0.174298,-0.09323,0.05,1.0,0.0,0.02,1e-09
6.407169766996958,-1,0.14105461966467314,0.17684461966467313,-0.174298,0.096588,0.14105461966467314,-0.17348661966467313,-0.174298,-0.09323,0.05,1.0,0.0,0.02,1e-09
6.4621254809972015,-1,0.14105461966467314,0.17684461966467313,-0.174298,0.096588,0.14105461966467314,-0.17348661966467313,-0.174298,-0.09323,0.05,1.0,0.0,0.02,1e-09
6.511611202997301,-1,0.14105461966467314,0.17684461966467313,-0.174298,0.096588,0.14105461966467314,-0.17348661966467313,-0.174298,-0.09323,0.05,1.0,0.0,0.02,1e-09
6.555701607998344,-1,0.14105461966467314,0.17684461966467313,-0.174298,0.096588,0.14105461966467314,-0.17348661966467313,-0.174298,-0.09323,0.05,1.0,0.0,0.02,1e-09
6.611161531000107,-1,0.14105461966467314,0.17684461966467313,-0.174298,0.096588,0.14105461966467314,-0.17348661966467313,-0.174298,-0.09323,0.05,1.0,0.0,0.02,1e-09
6.654354433998378,-1,0.14105461966467314,0.17684461966467313,-0.174298,0.096588,0.14105461966467314,-0.17348661966467313,-0.174298,-0.09323,0.05,1.0,0.0,0.02,1e-09
6.706615385999612,-1,0.14105461966467314,0.17684461966467313,-0.174298,0.096588,0.14105461966467314,-0.17348661966467313,-0.174298,-0.09323,0.05,1.0,0.0,0.02,1e-09
6.756850190999103,-1,0.14105461966467314,0.17684461966467313,-0.174298,0.096588,0.14105461966467314,-0.17348661966467313,-0.174298,-0.09323,0.05,1.0,0.0,0.02,1e-09
6.803603632997692,-1,0.14105461966467314,0.17684461966467313,-0.174298,0.096588,0.14105461966467314,-0.17348661966467313,-0.174298,-0.09323,0.05,1.0,0.0,0.02,1e-09
6.860665590000281,-1,0.14105461966467314,0.17684461966467313,-0.174298,0.096588,0.14105461966467314,-0.17348661966467313,-0.174298,-0.09323,0.05,1.0,0.0,0.02,1e-09
6.919371460997354,-1,0.14105461966467314,0.17684461966467313,-0.174298,0.096588,0.14105461966467314,-0.17348661966467313,-0.174298,-0.09323,0.05,1.0,0.0,0.02,1e-09
6.966929071997583,-1,0.14105461966467314,0.17684461966467313,-0.174298,0.096588,0.14105461966467314,-0.17348661966467313,-0.174298,-0.09323,0.05,1.0,0.0,0.02,1e-09
7.007304030998057,-1,0.14105461966467314,0.17684461966467313,-0.174298,0.096588,0.14105461966467314,-0.17348661966467313,-0.174298,-0.09323,0.05,1.0,0.0,0.02,1e-09
7.056283464000444,-1,0.14105461966467314,0.17684461966467313,-0.174298,0.096588,0.14105461966467314,-0.17348661966467313,-0.174298,-0.09323,0.05,1.0,0.0,0.02,1e-09
7.116569038000307,-1,0.14105461966467314,0.17684461966467313,-0.174298,0.096588,0.14105461966467314,-0.17348661966467313,-0.174298,-0.09323,0.05,1.0,0.0,0.02,1e-09
7.156174600997474,-1,0.14105461966467314,0.17684461966467313,-0.174298,0.096588,0.14105461966467314,-0.17348661966467313,-0.174298,-0.09323,0.05,1.0,0.0,0.02,1e-09
7.203503870998247,-1,0.14105461966467314,0.17684461966467313,-0.174298,0.096588,0.14105461966467314,-0.17348661966467313,-0.174298,-0.09323,0.05,1.0,0.0,0.02,1e-09
7.255037696999352,-1,0.14105461966467314,0.17684461966467313,-0.174298,0.096588,0.14105461966467314,-0.17348661966467313,-0.174298,-0.09323,0.05,1.0,0.0,0.02,1e-09
7.30445166699792,-1,0.14105461966467314,0.17684461966467313,-0.174298,0.096588,0.14105461966467314,-0.17348661966467313,-0.174298,-0.09323,0.05,1.0,0.0,0.02,1e-09
7.35295103899989,-1,0.14105461966467314,0.17684461966467313,-0.174298,0.096588,0.14105461966467314,-0.17348661966467313,-0.174298,-0.09323,0.05,1.0,0.0,0.02,1e-09
7.4101513200002955,-1,0.14105461966467314,0.17684461966467313,-0.174298,0.096588,0.14105461966467314,-0.17348661966467313,-0.174298,-0.09323,0.05,1.0,0.0,0.02,1e-09
7.4532921699974395,-1,0.14105461966467314,0.17684461966467313,-0.174298,0.096588,0.14105461966467314,-0.17348661966467313,-0.174298,-0.09323,0.05,1.0,0.0,0.02,1e-09
7.506751513999916,-1,0.14105461966467314,0.17684461966467313,-0.174298,0.096588,0.14105461966467314,-0.17348661966467313,-0.174298,-0.09323,0.05,1.0,0.0,0.02,1e-09
7.561597060997883,-1,0.14105461966467314,0.17684461966467313,-0.174298,0.096588,0.14105461966467314,-0.17348661966467313,-0.174298,-0.09323,0.05,1.0,0.0,0.02,1e-09
7.60923093999736,-1,0.14105461966467314,0.17684461966467313,-0.174298,0.096588,0.14105461966467314,-0.17348661966467313,-0.174298,-0.09323,0.05,1.0,0.0,0.02,1e-09
7.653423027997633,-1,0.14105461966467314,0.17684461966467313,-0.174298,0.096588,0.14105461966467314,-0.17348661966467313,-0.174298,-0.09323,0.05,1.0,0.0,0.02,1e-09
7.704752132998692,-1,0.14105461966467314,0.17684461966467313,-0.174298,0.096588,0.14105461966467314,-0.17348661966467313,-0.174298,-0.09323,0.05,1.0,0.0,0.02,1e-09
7.7628565300001355,-1,0.14105461966467314,0.17684461966467313,-0.174298,0.096588,0.14105461966467314,-0.17348661966467313,-0.174298,-0.09323,0.05,1.0,0.0,0.02,1e-09
7.801909105997765,-1,0.14105461966467314,0.17684461966467313,-0.174298,0.096588,0.14105461966467314,-0.17348661966467313,-0.174298,-0.09323,0.05,1.0,0.0,0.02,1e-09
7.859019481998985,-1,0.14105461966467314,0.17684461966467313,-0.174298,0.096588,0.14105461966467314,-0.17348661966467313,-0.174298,-0.09323,0.05,1.0,0.0,0.02,1e-09
7.911128058000031,-1,0.14105461966467314,0.17684461966467313,-0.174298,0.096588,0.14105461966467314,-0.17348661966467313,-0.174298,-0.09323,0.05,1.0,0.0,0.02,1e-09
7.966370202997496,-1,0.14105461966467314,0.17684461966467313,-0.174298,0.096588,0.14105461966467314,-0.17348661966467313,-0.174298,-0.09323,0.05,1.0,0.0,0.02,1e-09
8.004555071998766,-1,0.14105461966467314,0.17684461966467313,-0.174298,0.096588,0.14105461966467314,-0.17348661966467313,-0.174298,-0.09323,0.05,1.0,0.0,0.02,1e-09
8.059065028999612,-1,0.14105461966467314,0.17684461966467313,-0.174298,0.096588,0.14105461966467314,-0.17348661966467313,-0.174298,-0.09323,0.05,1.0,0.0,0.02,1e-09
8.131914454999787,-1,0.14105461966467314,0.17684461966467313,-0.174298,0.096588,0.14105461966467314,-0.17348661966467313,-0.174298,-0.09323,0.05,1.0,0.0,0.02,1e-09
8.16258510300031,-1,0.14105461966467314,0.17684461966467313,-0.174298,0.096588,0.14105461966467314,-0.17348661966467313,-0.174298,-0.09323,0.05,1.0,0.0,0.02,1e-09
8.206073725999886,-1,0.14105461966467314,0.17684461966467313,-0.174298,0.096588,0.14105461966467314,-0.17348661966467313,-0.174298,-0.09323,0.05,1.0,0.0,0.02,1e-09
8.255221680999966,-1,0.14105461966467314,0.17684461966467313,-0.174298,0.096588,0.14105461966467314,-0.17348661966467313,-0.174298,-0.09323,0.05,1.0,0.0,0.02,1e-09
8.319041742997797,-1,0.14105461966467314,0.17684461966467313,-0.174298,0.096588,0.14105461966467314,-0.17348661966467313,-0.174298,-0.09323,0.05,1.0,0.0,0.02,1e-09
8.364926719998039,-1,0.14105461966467314,0.17684461966467313,-0.174298,0.096588,0.14105461966467314,-0.17348661966467313,-0.174298,-0.09323,0.05,1.0,0.0,0.02,1e-09
8.406762275997608,-1,0.14105461966467314,0.17684461966467313,-0.174298,0.096588,0.14105461966467314,-0.17348661966467313,-0.174298,-0.09323,0.05,1.0,0.0,0.02,1e-09
8.455245424000168,-1,0.14105461966467314,0.17684461966467313,-0.174298,0.096588,0.14105461966467314,-0.17348661966467313,-0.174298,-0.09323,0.05,1.0,0.0,0.02,1e-09
8.50433665699893,-1,0.14105461966467314,0.17684461966467313,-0.174298,0.096588,0.14105461966467314,-0.17348661966467313,-0.174298,-0.09323,0.05,1.0,0.0,0.02,1e-09
8.554520798999874,-1,0.14105461966467314,0.17684461966467313,-0.174298,0.096588,0.14105461966467314,-0.17348661966467313,-0.174298,-0.09323,0.05,1.0,0.0,0.02,1e-09
8.620298402998742,-1,0.14105461966467314,0.17684461966467313,-0.174298,0.096588,0.14105461966467314,-0.17348661966467313,-0.174298,-0.09323,0.05,1.0,0.0,0.02,1e-09
8.665988979999383,-1,0.14105461966467314,0.17684461966467313,-0.174298,0.096588,0.14105461966467314,-0.17348661966467313,-0.174298,-0.09323,0.05,1.0,0.0,0.02,1e-09
8.704060590000154,-1,0.14105461966467314,0.17684461966467313,-0.174298,0.096588,0.14105461966467314,-0.17348661966467313,-0.174298,-0.09323,0.05,1.0,0.0,0.02,1e-09
8.754103789997316,-1,0.14105461966467314,0.17684461966467313,-0.174298,0.096588,0.14105461966467314,-0.17348661966467313,-0.174298,-0.09323,0.05,1.0,0.0,0.02,1e-09
8.804808040000353,-1,0.14105461966467314,0.17684461966467313,-0.174298,0.096588,0.14105461966467314,-0.17348661966467313,-0.174298,-0.09323,0.05,1.0,0.0,0.02,1e-09
8.852879719997873,-1,0.14105461966467314,0.17684461966467313,-0.174298,0.096588,0.14105461966467314,-0.17348661966467313,-0.174298,-0.09323,0.05,1.0,0.0,0.02,1e-09
8.912947554999846,-1,0.14105461966467314,0.17684461966467313,-0.174298,0.096588,0.14105461966467314,-0.17348661966467313,-0.174298,-0.09323,0.05,1.0,0.0,0.02,1e-09
8.956471306999447,-1,0.14105461966467314,0.17684461966467313,-0.174298,0.096588,0.14105461966467314,-0.17348661966467313,-0.174298,-0.09323,0.05,1.0,0.0,0.02,1e-09
9.00813991999894,-1,0.14105461966467314,0.17684461966467313,-0.174298,0.096588,0.14105461966467314,-0.17348661966467313,-0.174298,-0.09323,0.05,1.0,0.0,0.02,1e-09
9.052600859999075,-1,0.14105461966467314,0.17684461966467313,-0.174298,0.096588,0.14105461966467314,-0.17348661966467313,-0.174298,-0.09323,0.05,1.0,0.0,0.02,1e-09
9.11244032799732,-1,0.14105461966467314,0.17684461966467313,-0.174298,0.096588,0.14105461966467314,-0.17348661966467313,-0.174298,-0.09323,0.05,1.0,0.0,0.02,1e-09
9.165541163998569,-1,0.14105461966467314,0.17684461966467313,-0.174298,0.096588,0.14105461966467314,-0.17348661966467313,-0.174298,-0.09323,0.05,1.0,0.0,0.02,1e-09
9.205961273997673,-1,0.14105461966467314,0.17684461966467313,-0.174298,0.096588,0.14105461966467314,-0.17348661966467313,-0.174298,-0.09323,0.05,1.0,0.0,0.02,1e-09
9.260052076999273,-1,0.14105461966467314,0.17684461966467313,-0.174298,0.096588,0.14105461966467314,-0.17348661966467313,-0.174298,-0.09323,0.05,1.0,0.0,0.02,1e-09
9.306659865997062,-1,0.14105461966467314,0.17684461966467313,-0.174298,0.096588,0.14105461966467314,-0.17348661966467313,-0.174298,-0.09323,0.05,1.0,0.0,0.02,1e-09
9.359486991997983,-1,0.14105461966467314,0.17684461966467313,-0.174298,0.096588,0.14105461966467314,-0.17348661966467313,-0.174298,-0.09323,0.05,1.0,0.0,0.02,1e-09
9.408183113999257,-1,0.14105461966467314,0.17684461966467313,-0.174298,0.096588,0.14105461966467314,-0.17348661966467313,-0.174298,-0.09323,0.05,1.0,0.0,0.02,1e-09
9.466976725998393,-1,0.14105461966467314,0.17684461966467313,-0.174298,0.096588,0.14105461966467314,-0.17348661966467313,-0.174298,-0.09323,0.05,1.0,0.0,0.02,1e-09
9.502439665997372,-1,0.14105461966467314,0.17684461966467313,-0.174298,0.096588,0.14105461966467314,-0.17348661966467313,-0.174298,-0.09323,0.05,1.0,0.0,0.02,1e-09
9.556448262999766,-1,0.14105461966467314,0.17684461966467313,-0.174298,0.096588,0.14105461966467314,-0.17348661966467313,-0.174298,-0.09323,0.05,1.0,0.0,0.02,1e-09
9.608272317000228,-1,0.14105461966467314,0.17684461966467313,-0.174298,0.096588,0.14105461966467314,-0.17348661966467313,-0.174298,-0.09323,0.05,1.0,0.0,0.02,1e-09
9.657007968999096,-1,0.14105461966467314,0.17684461966467313,-0.174298,0.096588,0.14105461966467314,-0.17348661966467313,-0.174298,-0.09323,0.05,1.0,0.0,0.02,1e-09
9.704767469997023,-1,0.14105461966467314,0.17684461966467313,-0.174298,0.096588,0.14105461966467314,-0.17348661966467313,-0.174298,-0.09323,0.05,1.0,0.0,0.02,1e-09
9.755396610999014,-1,0.14105461966467314,0.17684461966467313,-0.174298,0.096588,0.14105461966467314,-0.17348661966467313,-0.174298,-0.09323,0.05,1.0,0.0,0.02,1e-09
9.805192034997162,-1,0.14105461966467314,0.17684461966467313,-0.174298,0.096588,0.14105461966467314,-0.17348661966467313,-0.174298,-0.09323,0.05,1.0,0.0,0.02,1e-09
9.86162476899699,-1,0.14105461966467314,0.17684461966467313,-0.174298,0.096588,0.14105461966467314,-0.17348661966467313,-0.174298,-0.09323,0.05,1.0,0.0,0.02,1e-09
9.91058913499728,-1,0.14105461966467314,0.17684461966467313,-0.174298,0.096588,0.14105461966467314,-0.17348661966467313,-0.174298,-0.09323,0.05,1.0,0.0,0.02,1e-09
9.966535111998382,-1,0.14105461966467314,0.17684461966467313,-0.174298,0.096588,0.14105461966467314,-0.17348661966467313,-0.174298,-0.09323,0.05,1.0,0.0,0.02,1e-09
10.00477834299818,-1,0.14105461966467314,0.17684461966467313,-0.174298,0.096588,0.14105461966467314,-0.17348661966467313,-0.174298,-0.09323,0.05,1.0,0.0,0.02,1e-09
10.05612842499977,-1,0.14105461966467314,0.17684461966467313,-0.174298,0.096588,0.14105461966467314,-0.17348661966467313,-0.174298,-0.09323,0.05,1.0,0.0,0.02,1e-09
10.10738709799989,-1,0.14105461966467314,0.17684461966467313,-0.174298,0.096588,0.14105461966467314,-0.17348661966467313,-0.174298,-0.09323,0.05,1.0,0.0,0.02,1e-09
10.163645841999823,-1,0.14105461966467314,0.17684461966467313,-0.174298,0.096588,0.14105461966467314,-0.17348661966467313,-0.174298,-0.09323,0.05,1.0,0.0,0.02,1e-09
10.20481655399999,-1,0.14105461966467314,0.17684461966467313,-0.174298,0.096588,0.14105461966467314,-0.17348661966467313,-0.174298,-0.09323,0.05,1.0,0.0,0.02,1e-09
10.261376133999875,-1,0.14105461966467314,0.17684461966467313,-0.174298,0.096588,0.14105461966467314,-0.17348661966467313,-0.174298,-0.09323,0.05,1.0,0.0,0.02,1e-09
10.308380449998367,-1,0.14105461966467314,0.17684461966467313,-0.174298,0.096588,0.14105461966467314,-0.17348661966467313,-0.174298,-0.09323,0.05,1.0,0.0,0.02,1e-09
10.355300101000466,-1,0.14105461966467314,0.17684461966467313,-0.174298,0.096588,0.14105461966467314,-0.17348661966467313,-0.174298,-0.09323,0.05,1.0,0.0,0.02,1e-09
10.416592385998229,-1,0.14105461966467314,0.17684461966467313,-0.174298,0.096588,0.14105461966467314,-0.17348661966467313,-0.174298,-0.09323,0.05,1.0,0.0,0.02,1e-09
10.455773942998349,-1,0.14105461966467314,0.17684461966467313,-0.174298,0.096588,0.14105461966467314,-0.17348661966467313,-0.174298,-0.09323,0.05,1.0,0.0,0.02,1e-09
10.502838369997335,-1,0.14105461966467314,0.17684461966467313,-0.174298,0.096588,0.14105461966467314,-0.17348661966467313,-0.174298,-0.09323,0.05,1.0,0.0,0.02,1e-09
10.554776203000074,-1,0.14105461966467314,0.17684461966467313,-0.174298,0.096588,0.14105461966467314,-0.17348661966467313,-0.174298,-0.09323,0.05,1.0,0.0,0.02,1e-09
10.604724315999192,-1,0.14105461966467314,0.17684461966467313,-0.174298,0.096588,0.14105461966467314,-0.17348661966467313,-0.174298,-0.09323,0.05,1.0,0.0,0.02,1e-09
10.663244846997259,-1,0.14105461966467314,0.17684461966467313,-0.174298,0.096588,0.14105461966467314,-0.17348661966467313,-0.174298,-0.09323,0.05,1.0,0.0,0.02,1e-09
10.706884549999813,-1,0.14105461966467314,0.17684461966467313,-0.174298,0.096588,0.14105461966467314,-0.17348661966467313,-0.174298,-0.09323,0.05,1.0,0.0,0.02,1e-09
10.762985421999474,-1,0.14105461966467314,0.17684461966467313,-0.174298,0.096588,0.14105461966467314,-0.17348661966467313,-0.174298,-0.09323,0.05,1.0,0.0,0.02,1e-09
10.8111252589988,-1,0.14105461966467314,0.17684461966467313,-0.174298,0.096588,0.14105461966467314,-0.17348661966467313,-0.174298,-0.09323,0.05,1.0,0.0,0.02,1e-09
10.909187031000329,-1,0.14105461966467314,0.17684461966467313,-0.174298,0.096588,0.14105461966467314,-0.17348661966467313,-0.174298,-0.09323,0.05,1.0,0.0,0.02,1e-09
10.948724440997466,-1,0.14105461966467314,0.17684461966467313,-0.174298,0.096588,0.14105461966467314,-0.17348661966467313,-0.174298,-0.09323,0.05,1.0,0.0,0.02,1e-09
10.965076540000155,-1,0.14105461966467314,0.17684461966467313,-0.174298,0.096588,0.14105461966467314,-0.17348661966467313,-0.174298,-0.09323,0.05,1.0,0.0,0.02,1e-09
11.005104740997922,-1,0.14105461966467314,0.17684461966467313,-0.174298,0.096588,0.14105461966467314,-0.17348661966467313,-0.174298,-0.09323,0.05,1.0,0.0,0.02,1e-09
11.055465369998274,-1,0.14105461966467314,0.17684461966467313,-0.174298,0.096588,0.14105461966467314,-0.17348661966467313,-0.174298,-0.09323,0.05,1.0,0.0,0.02,1e-09
11.104154484997707,-1,0.14105461966467314,0.17684461966467313,-0.174298,0.096588,0.14105461966467314,-0.17348661966467313,-0.174298,-0.09323,0.05,1.0,0.0,0.02,1e-09
11.156571335999615,-1,0.14105461966467314,0.17684461966467313,-0.174298,0.096588,0.14105461966467314,-0.17348661966467313,-0.174298,-0.09323,0.05,1.0,0.0,0.02,1e-09
11.205729196997709,-1,0.14105461966467314,0.17684461966467313,-0.174298,0.096588,0.14105461966467314,-0.17348661966467313,-0.174298,-0.09323,0.05,1.0,0.0,0.02,1e-09
11.256609357998968,-1,0.14105461966467314,0.17684461966467313,-0.174298,0.096588,0.14105461966467314,-0.17348661966467313,-0.174298,-0.09323,0.05,1.0,0.0,0.02,1e-09
11.30579241599844,-1,0.14105461966467314,0.17684461966467313,-0.174298,0.096588,0.14105461966467314,-0.17348661966467313,-0.174298,-0.09323,0.05,1.0,0.0,0.02,1e-09
11.35367513899837,-1,0.14105461966467314,0.17684461966467313,-0.174298,0.096588,0.14105461966467314,-0.17348661966467313,-0.174298,-0.09323,0.05,1.0,0.0,0.02,1e-09
11.411653737999586,-1,0.14105461966467314,0.17684461966467313,-0.174298,0.096588,0.14105461966467314,-0.17348661966467313,-0.174298,-0.09323,0.05,1.0,0.0,0.02,1e-09
11.459202850997826,-1,0.14105461966467314,0.17684461966467313,-0.174298,0.096588,0.14105461966467314,-0.17348661966467313,-0.174298,-0.09323,0.05,1.0,0.0,0.02,1e-09
11.515198278997559,-1,0.14105461966467314,0.17684461966467313,-0.174298,0.096588,0.14105461966467314,-0.17348661966467313,-0.174298,-0.09323,0.05,1.0,0.0,0.02,1e-09
11.553446005997102,-1,0.14105461966467314,0.17684461966467313,-0.174298,0.096588,0.14105461966467314,-0.17348661966467313,-0.174298,-0.09323,0.05,1.0,0.0,0.02,1e-09
11.605223602997285,-1,0.14105461966467314,0.17684461966467313,-0.174298,0.096588,0.14105461966467314,-0.17348661966467313,-0.174298,-0.09323,0.05,1.0,0.0,0.02,1e-09
11.658728073998645,-1,0.14105461966467314,0.17684461966467313,-0.174298,0.096588,0.14105461966467314,-0.17348661966467313,-0.174298,-0.09323,0.05,1.0,0.0,0.02,1e-09
11.70974646600007,-1,0.14105461966467314,0.17684461966467313,-0.174298,0.096588,0.14105461966467314,-0.17348661966467313,-0.174298,-0.09323,0.05,1.0,0.0,0.02,1e-09
11.754018004998215,-1,0.14105461966467314,0.17684461966467313,-0.174298,0.096588,0.14105461966467314,-0.17348661966467313,-0.174298,-0.09323,0.05,1.0,0.0,0.02,1e-09
11.802502045997244,-1,0.14105461966467314,0.17684461966467313,-0.174298,0.096588,0.14105461966467314,-0.17348661966467313,-0.174298,-0.09323,0.05,1.0,0.0,0.02,1e-09
11.863767208000354,-1,0.14105461966467314,0.17684461966467313,-0.174298,0.096588,0.14105461966467314,-0.17348661966467313,-0.174298,-0.09323,0.05,1.0,0.0,0.02,1e-09
11.910690690998308,-1,0.14105461966467314,0.17684461966467313,-0.174298,0.096588,0.14105461966467314,-0.17348661966467313,-0.174298,-0.09323,0.05,1.0,0.0,0.02,1e-09
11.955214593999699,-1,0.14105461966467314,0.17684461966467313,-0.174298,0.096588,0.14105461966467314,-0.17348661966467313,-0.174298,-0.09323,0.05,1.0,0.0,0.02,1e-09
12.007059840998409,-1,0.14105461966467314,0.17684461966467313,-0.174298,0.096588,0.14105461966467314,-0.17348661966467313,-0.174298,-0.09323,0.05,1.0,0.0,0.02,1e-09
12.059050012998341,-1,0.14105461966467314,0.17684461966467313,-0.174298,0.096588,0.14105461966467314,-0.17348661966467313,-0.174298,-0.09323,0.05,1.0,0.0,0.02,1e-09
12.102563483000267,-1,0.14105461966467314,0.17684461966467313,-0.174298,0.096588,0.14105461966467314,-0.17348661966467313,-0.174298,-0.09323,0.05,1.0,0.0,0.02,1e-09
12.156285493998439,-1,0.14105461966467314,0.17684461966467313,-0.174298,0.096588,0.14105461966467314,-0.17348661966467313,-0.174298,-0.09323,0.05,1.0,0.0,0.02,1e-09
12.211016014000052,-1,0.14105461966467314,0.17684461966467313,-0.174298,0.096588,0.14105461966467314,-0.17348661966467313,-0.174298,-0.09323,0.05,1.0,0.0,0.02,1e-09
12.254129831999307,-1,0.14105461966467314,0.17684461966467313,-0.174298,0.096588,0.14105461966467314,-0.17348661966467313,-0.174298,-0.09323,0.05,1.0,0.0,0.02,1e-09
12.302943015998608,-1,0.14105461966467314,0.17684461966467313,-0.174298,0.096588,0.14105461966467314,-0.17348661966467313,-0.174298,-0.09323,0.05,1.0,0.0,0.02,1e-09
12.3756806579986,-1,0.14105461966467314,0.17684461966467313,-0.174298,0.096588,0.14105461966467314,-0.17348661966467313,-0.174298,-0.09323,0.05,1.0,0.0,0.02,1e-09
12.41063452399976,-1,0.14105461966467314,0.17684461966467313,-0.174298,0.096588,0.14105461966467314,-0.17348661966467313,-0.174298,-0.09323,0.05,1.0,0.0,0.02,1e-09
12.454905211998266,-1,0.14105461966467314,0.17684461966467313,-0.174298,0.096588,0.14105461966467314,-0.17348661966467313,-0.174298,-0.09323,0.05,1.0,0.0,0.02,1e-09
12.515525044997048,-1,0.14105461966467314,0.17684461966467313,-0.174298,0.096588,0.14105461966467314,-0.17348661966467313,-0.174298,-0.09323,0.05,1.0,0.0,0.02,1e-09
12.56657932699818,-1,0.14105461966467314,0.17684461966467313,-0.174298,0.096588,0.14105461966467314,-0.17348661966467313,-0.174298,-0.09323,0.05,1.0,0.0,0.02,1e-09
12.610886939997727,-1,0.14105461966467314,0.17684461966467313,-0.174298,0.096588,0.14105461966467314,-0.17348661966467313,-0.174298,-0.09323,0.05,1.0,0.0,0.02,1e-09
12.655211651999707,-1,0.14105461966467314,0.17684461966467313,-0.174298,0.096588,0.14105461966467314,-0.17348661966467313,-0.174298,-0.09323,0.05,1.0,0.0,0.02,1e-09
12.706704022999475,-1,0.14105461966467314,0.17684461966467313,-0.174298,0.096588,0.14105461966467314,-0.17348661966467313,-0.174298,-0.09323,0.05,1.0,0.0,0.02,1e-09
12.759007320997625,-1,0.14105461966467314,0.17684461966467313,-0.174298,0.096588,0.14105461966467314,-0.17348661966467313,-0.174298,-0.09323,0.05,1.0,0.0,0.02,1e-09
12.805507148998004,-1,0.14105461966467314,0.17684461966467313,-0.174298,0.096588,0.14105461966467314,-0.17348661966467313,-0.174298,-0.09323,0.05,1.0,0.0,0.02,1e-09
12.859791287999542,-1,0.14105461966467314,0.17684461966467313,-0.174298,0.096588,0.14105461966467314,-0.17348661966467313,-0.174298,-0.09323,0.05,1.0,0.0,0.02,1e-09
12.907133757998963,-1,0.14105461966467314,0.17684461966467313,-0.174298,0.096588,0.14105461966467314,-0.17348661966467313,-0.174298,-0.09323,0.05,1.0,0.0,0.02,1e-09
12.96066263299872,-1,0.14105461966467314,0.17684461966467313,-0.174298,0.096588,0.14105461966467314,-0.17348661966467313,-0.174298,-0.09323,0.05,1.0,0.0,0.02,1e-09
13.008896837000066,-1,0.14105461966467314,0.17684461966467313,-0.174298,0.096588,0.14105461966467314,-0.17348661966467313,-0.174298,-0.09323,0.05,1.0,0.0,0.02,1e-09
13.059273792998283,-1,0.14105461966467314,0.17684461966467313,-0.174298,0.096588,0.14105461966467314,-0.17348661966467313,-0.174298,-0.09323,0.05,1.0,0.0,0.02,1e-09
13.11308231699877,-1,0.14105461966467314,0.17684461966467313,-0.174298,0.096588,0.14105461966467314,-0.17348661966467313,-0.174298,-0.09323,0.05,1.0,0.0,0.02,1e-09
13.155031510999834,-1,0.14105461966467314,0.17684461966467313,-0.174298,0.096588,0.14105461966467314,-0.17348661966467313,-0.174298,-0.09323,0.05,1.0,0.0,0.02,1e-09
13.208282976000191,-1,0.14105461966467314,0.17684461966467313,-0.174298,0.096588,0.14105461966467314,-0.17348661966467313,-0.174298,-0.09323,0.05,1.0,0.0,0.02,1e-09
13.25883508199695,-1,0.14105461966467314,0.17684461966467313,-0.174298,0.096588,0.14105461966467314,-0.17348661966467313,-0.174298,-0.09323,0.05,1.0,0.0,0.02,1e-09
13.303745422999782,-1,0.14105461966467314,0.17684461966467313,-0.174298,0.096588,0.14105461966467314,-0.17348661966467313,-0.174298,-0.09323,0.05,1.0,0.0,0.02,1e-09
13.3554075059983,-1,0.14105461966467314,0.17684461966467313,-0.174298,0.096588,0.14105461966467314,-0.17348661966467313,-0.174298,-0.09323,0.05,1.0,0.0,0.02,1e-09
13.403508700997918,-1,0.14105461966467314,0.17684461966467313,-0.174298,0.096588,0.14105461966467314,-0.17348661966467313,-0.174298,-0.09323,0.05,1.0,0.0,0.02,1e-09
13.45887815399692,-1,0.14105461966467314,0.17684461966467313,-0.174298,0.096588,0.14105461966467314,-0.17348661966467313,-0.174298,-0.09323,0.05,1.0,0.0,0.02,1e-09
13.508511812997313,-1,0.14105461966467314,0.17684461966467313,-0.174298,0.096588,0.14105461966467314,-0.17348661966467313,-0.174298,-0.09323,0.05,1.0,0.0,0.02,1e-09
13.55529436299912,-1,0.14105461966467314,0.17684461966467313,-0.174298,0.096588,0.14105461966467314,-0.17348661966467313,-0.174298,-0.09323,0.05,1.0,0.0,0.02,1e-09
13.602985969999281,-1,0.14105461966467314,0.17684461966467313,-0.174298,0.096588,0.14105461966467314,-0.17348661966467313,-0.174298,-0.09323,0.05,1.0,0.0,0.02,1e-09
13.657098593997944,-1,0.14105461966467314,0.17684461966467313,-0.174298,0.096588,0.14105461966467314,-0.17348661966467313,-0.174298,-0.09323,0.05,1.0,0.0,0.02,1e-09
13.71091327799877,-1,0.14105461966467314,0.17684461966467313,-0.174298,0.096588,0.14105461966467314,-0.17348661966467313,-0.174298,-0.09323,0.05,1.0,0.0,0.02,1e-09
13.758136347998516,-1,0.14105461966467314,0.17684461966467313,-0.174298,0.096588,0.14105461966467314,-0.17348661966467313,-0.174298,-0.09323,0.05,1.0,0.0,0.02,1e-09
13.807169429997884,-1,0.14105461966467314,0.17684461966467313,-0.174298,0.096588,0.14105461966467314,-0.17348661966467313,-0.174298,-0.09323,0.05,1.0,0.0,0.02,1e-09
13.855554557998403,-1,0.14105461966467314,0.17684461966467313,-0.174298,0.096588,0.14105461966467314,-0.17348661966467313,-0.174298,-0.09323,0.05,1.0,0.0,0.02,1e-09
13.918052050998085,-1,0.14105461966467314,0.17684461966467313,-0.174298,0.096588,0.14105461966467314,-0.17348661966467313,-0.174298,-0.09323,0.05,1.0,0.0,0.02,1e-09
13.955032024998218,-1,0.14105461966467314,0.17684461966467313,-0.174298,0.096588,0.14105461966467314,-0.17348661966467313,-0.174298,-0.09323,0.05,1.0,0.0,0.02,1e-09
14.004722564997792,-1,0.14105461966467314,0.17684461966467313,-0.174298,0.096588,0.14105461966467314,-0.17348661966467313,-0.174298,-0.09323,0.05,1.0,0.0,0.02,1e-09
14.054791309998109,-1,0.14105461966467314,0.17684461966467313,-0.174298,0.096588,0.14105461966467314,-0.17348661966467313,-0.174298,-0.09323,0.05,1.0,0.0,0.02,1e-09
14.11305626399917,-1,0.14105461966467314,0.17684461966467313,-0.174298,0.096588,0.14105461966467314,-0.17348661966467313,-0.174298,-0.09323,0.05,1.0,0.0,0.02,1e-09
14.161617563997424,-1,0.14105461966467314,0.17684461966467313,-0.174298,0.096588,0.14105461966467314,-0.17348661966467313,-0.174298,-0.09323,0.05,1.0,0.0,0.02,1e-09
14.210422446998564,-1,0.14105461966467314,0.17684461966467313,-0.174298,0.096588,0.14105461966467314,-0.17348661966467313,-0.174298,-0.09323,0.05,1.0,0.0,0.02,1e-09
14.260097874997882,-1,0.14105461966467314,0.17684461966467313,-0.174298,0.096588,0.14105461966467314,-0.17348661966467313,-0.174298,-0.09323,0.05,1.0,0.0,0.02,1e-09
14.307166479000443,-1,0.14105461966467314,0.17684461966467313,-0.174298,0.096588,0.14105461966467314,-0.17348661966467313,-0.174298,-0.09323,0.05,1.0,0.0,0.02,1e-09
14.368239108000125,-1,0.14105461966467314,0.17684461966467313,-0.174298,0.096588,0.14105461966467314,-0.17348661966467313,-0.174298,-0.09323,0.05,1.0,0.0,0.02,1e-09
14.404805424997903,-1,0.14105461966467314,0.17684461966467313,-0.174298,0.096588,0.14105461966467314,-0.17348661966467313,-0.174298,-0.09323,0.05,1.0,0.0,0.02,1e-09
14.455197921997751,-1,0.14105461966467314,0.17684461966467313,-0.174298,0.096588,0.14105461966467314,-0.17348661966467313,-0.174298,-0.09323,0.05,1.0,0.0,0.02,1e-09
14.503585893999116,-1,0.14105461966467314,0.17684461966467313,-0.174298,0.096588,0.14105461966467314,-0.17348661966467313,-0.174298,-0.09323,0.05,1.0,0.0,0.02,1e-09
14.560678447996906,-1,0.14105461966467314,0.17684461966467313,-0.174298,0.096588,0.14105461966467314,-0.17348661966467313,-0.174298,-0.09323,0.05,1.0,0.0,0.02,1e-09
14.605601944000227,-1,0.14105461966467314,0.17684461966467313,-0.174298,0.096588,0.14105461966467314,-0.17348661966467313,-0.174298,-0.09323,0.05,1.0,0.0,0.02,1e-09
14.660893778996979,-1,0.14105461966467314,0.17684461966467313,-0.174298,0.096588,0.14105461966467314,-0.17348661966467313,-0.174298,-0.09323,0.05,1.0,0.0,0.02,1e-09
14.719744844998786,-1,0.14105461966467314,0.17684461966467313,-0.174298,0.096588,0.14105461966467314,-0.17348661966467313,-0.174298,-0.09323,0.05,1.0,0.0,0.02,1e-09
14.756818968999141,-1,0.14105461966467314,0.17684461966467313,-0.174298,0.096588,0.14105461966467314,-0.17348661966467313,-0.174298,-0.09323,0.05,1.0,0.0,0.02,1e-09
14.811254159998498,-1,0.14105461966467314,0.17684461966467313,-0.174298,0.096588,0.14105461966467314,-0.17348661966467313,-0.174298,-0.09323,0.05,1.0,0.0,0.02,1e-09
14.859238146997086,-1,0.14105461966467314,0.17684461966467313,-0.174298,0.096588,0.14105461966467314,-0.17348661966467313,-0.174298,-0.09323,0.05,1.0,0.0,0.02,1e-09
14.90401812699929,-1,0.14105461966467314,0.17684461966467313,-0.174298,0.096588,0.14105461966467314,-0.17348661966467313,-0.174298,-0.09323,0.05,1.0,0.0,0.02,1e-09
14.968252656999539,-1,0.14105461966467314,0.17684461966467313,-0.174298,0.096588,0.14105461966467314,-0.17348661966467313,-0.174298,-0.09323,0.05,1.0,0.0,0.02,1e-09
15.01218793299995,-1,0.14105461966467314,0.17684461966467313,-0.174298,0.096588,0.14105461966467314,-0.17348661966467313,-0.174298,-0.09323,0.05,1.0,0.0,0.02,1e-09
15.059073043998069,-1,0.14105461966467314,0.17684461966467313,-0.174298,0.096588,0.14105461966467314,-0.17348661966467313,-0.174298,-0.09323,0.05,1.0,0.0,0.02,1e-09
15.116886610998336,-1,0.14105461966467314,0.17684461966467313,-0.174298,0.096588,0.14105461966467314,-0.17348661966467313,-0.174298,-0.09323,0.05,1.0,0.0,0.02,1e-09
15.164117393997003,-1,0.14105461966467314,0.17684461966467313,-0.174298,0.096588,0.14105461966467314,-0.17348661966467313,-0.174298,-0.09323,0.05,1.0,0.0,0.02,1e-09
15.219270451998455,-1,0.14105461966467314,0.17684461966467313,-0.174298,0.096588,0.14105461966467314,-0.17348661966467313,-0.174298,-0.09323,0.05,1.0,0.0,0.02,1e-09
38.993001675000414,-1,0.14105461966467314,0.17684461966467313,-0.174298,0.096588,0.14105461966467314,-0.17348661966467313,-0.174298,-0.09323,0.05,1.0,0.0,0.02,1e-09
39.038552776997676,-1,0.14105461966467314,0.17684461966467313,-0.174298,0.096588,0.14105461966467314,-0.17348661966467313,-0.174298,-0.09323,0.05,1.0,0.0,0.02,1e-09
39.08882919399912,-1,0.14105461966467314,0.17684461966467313,-0.174298,0.096588,0.14105461966467314,-0.17348661966467313,-0.174298,-0.09323,0.05,1.0,0.0,0.02,1e-09
39.14127966099841,-1,0.14105461966467314,0.17684461966467313,-0.174298,0.096588,0.14105461966467314,-0.17348661966467313,-0.174298,-0.09323,0.05,1.0,0.0,0.02,1e-09
39.20070030900024,-1,0.14105461966467314,0.17684461966467313,-0.174298,0.096588,0.14105461966467314,-0.17348661966467313,-0.174298,-0.09323,0.05,1.0,0.0,0.02,1e-09
39.242800747997535,-1,0.14105461966467314,0.17684461966467313,-0.174298,0.096588,0.14105461966467314,-0.17348661966467313,-0.174298,-0.09323,0.05,1.0,0.0,0.02,1e-09
39.293251875998976,-1,0.14105461966467314,0.17684461966467313,-0.174298,0.096588,0.14105461966467314,-0.17348661966467313,-0.174298,-0.09323,0.05,1.0,0.0,0.02,1e-09
39.34157791599864,-1,0.14105461966467314,0.17684461966467313,-0.174298,0.096588,0.14105461966467314,-0.17348661966467313,-0.174298,-0.09323,0.05,1.0,0.0,0.02,1e-09
39.38970061500004,-1,0.14105461966467314,0.17684461966467313,-0.174298,0.096588,0.14105461966467314,-0.17348661966467313,-0.174298,-0.09323,0.05,1.0,0.0,0.02,1e-09
39.44438416199773,-1,0.14105461966467314,0.17684461966467313,-0.174298,0.096588,0.14105461966467314,-0.17348661966467313,-0.174298,-0.09323,0.05,1.0,0.0,0.02,1e-09
39.488386646000436,-1,0.14105461966467314,0.17684461966467313,-0.174298,0.096588,0.14105461966467314,-0.17348661966467313,-0.174298,-0.09323,0.05,1.0,0.0,0.02,1e-09
39.542637634996936,-1,0.14105461966467314,0.17684461966467313,-0.174298,0.096588,0.14105461966467314,-0.17348661966467313,-0.174298,-0.09323,0.05,1.0,0.0,0.02,1e-09
39.590827661999356,-1,0.14105461966467314,0.17684461966467313,-0.174298,0.096588,0.14105461966467314,-0.17348661966467313,-0.174298,-0.09323,0.05,1.0,0.0,0.02,1e-09
39.649545075997594,-1,0.14105461966467314,0.17684461966467313,-0.174298,0.096588,0.14105461966467314,-0.17348661966467313,-0.174298,-0.09323,0.05,1.0,0.0,0.02,1e-09
39.692245071997604,-1,0.14105461966467314,0.17684461966467313,-0.174298,0.096588,0.14105461966467314,-0.17348661966467313,-0.174298,-0.09323,0.05,1.0,0.0,0.02,1e-09
39.73890245899747,-1,0.14105461966467314,0.17684461966467313,-0.174298,0.096588,0.14105461966467314,-0.17348661966467313,-0.174298,-0.09323,0.05,1.0,0.0,0.02,1e-09
39.79495703499924,-1,0.14105461966467314,0.17684461966467313,-0.174298,0.096588,0.14105461966467314,-0.17348661966467313,-0.174298,-0.09323,0.05,1.0,0.0,0.02,1e-09
39.83925213399925,-1,0.14105461966467314,0.17684461966467313,-0.174298,0.096588,0.14105461966467314,-0.17348661966467313,-0.174298,-0.09323,0.05,1.0,0.0,0.02,1e-09
39.8988367009988,-1,0.14105461966467314,0.17684461966467313,-0.174298,0.096588,0.14105461966467314,-0.17348661966467313,-0.174298,-0.09323,0.05,1.0,0.0,0.02,1e-09
39.95373640399703,-1,0.14105461966467314,0.17684461966467313,-0.174298,0.096588,0.14105461966467314,-0.17348661966467313,-0.174298,-0.09323,0.05,1.0,0.0,0.02,1e-09
39.99742085499747,-1,0.14105461966467314,0.17684461966467313,-0.174298,0.096588,0.14105461966467314,-0.17348661966467313,-0.174298,-0.09323,0.05,1.0,0.0,0.02,1e-09
40.04147508299866,-1,0.14105461966467314,0.17684461966467313,-0.174298,0.096588,0.14105461966467314,-0.17348661966467313,-0.174298,-0.09323,0.05,1.0,0.0,0.02,1e-09
40.09797680699921,-1,0.14105461966467314,0.17684461966467313,-0.174298,0.096588,0.14105461966467314,-0.17348661966467313,-0.174298,-0.09323,0.05,1.0,0.0,0.02,1e-09
40.14039467299881,-1,0.14105461966467314,0.17684461966467313,-0.174298,0.096588,0.14105461966467314,-0.17348661966467313,-0.174298,-0.09323,0.05,1.0,0.0,0.02,1e-09
40.19167797699993,-1,0.14105461966467314,0.17684461966467313,-0.174298,0.096588,0.14105461966467314,-0.17348661966467313,-0.174298,-0.09323,0.05,1.0,0.0,0.02,1e-09
40.23858562899841,-1,0.14105461966467314,0.17684461966467313,-0.174298,0.096588,0.14105461966467314,-0.17348661966467313,-0.174298,-0.09323,0.05,1.0,0.0,0.02,1e-09
40.28936452400012,-1,0.14105461966467314,0.17684461966467313,-0.174298,0.096588,0.14105461966467314,-0.17348661966467313,-0.174298,-0.09323,0.05,1.0,0.0,0.02,1e-09
40.33730210899739,-1,0.14105461966467314,0.17684461966467313,-0.174298,0.096588,0.14105461966467314,-0.17348661966467313,-0.174298,-0.09323,0.05,1.0,0.0,0.02,1e-09
40.392121253997175,-1,0.14105461966467314,0.17684461966467313,-0.174298,0.096588,0.14105461966467314,-0.17348661966467313,-0.174298,-0.09323,0.05,1.0,0.0,0.02,1e-09
40.44282965099774,-1,0.14105461966467314,0.17684461966467313,-0.174298,0.096588,0.14105461966467314,-0.17348661966467313,-0.174298,-0.09323,0.05,1.0,0.0,0.02,1e-09
40.49486348699793,-1,0.14105461966467314,0.17684461966467313,-0.174298,0.096588,0.14105461966467314,-0.17348661966467313,-0.174298,-0.09323,0.05,1.0,0.0,0.02,1e-09
40.540980183999636,-1,0.14105461966467314,0.17684461966467313,-0.174298,0.096588,0.14105461966467314,-0.17348661966467313,-0.174298,-0.09323,0.05,1.0,0.0,0.02,1e-09
40.59899174800012,-1,0.14105461966467314,0.17684461966467313,-0.174298,0.096588,0.14105461966467314,-0.17348661966467313,-0.174298,-0.09323,0.05,1.0,0.0,0.02,1e-09
40.64029500899778,-1,0.14105461966467314,0.17684461966467313,-0.174298,0.096588,0.14105461966467314,-0.17348661966467313,-0.174298,-0.09323,0.05,1.0,0.0,0.02,1e-09
40.68987676100005,-1,0.14105461966467314,0.17684461966467313,-0.174298,0.096588,0.14105461966467314,-0.17348661966467313,-0.174298,-0.09323,0.05,1.0,0.0,0.02,1e-09
40.73875342399697,-1,0.14105461966467314,0.17684461966467313,-0.174298,0.096588,0.14105461966467314,-0.17348661966467313,-0.174298,-0.09323,0.05,1.0,0.0,0.02,1e-09
40.791852043999825,-1,0.14105461966467314,0.17684461966467313,-0.174298,0.096588,0.14105461966467314,-0.17348661966467313,-0.174298,-0.09323,0.05,1.0,0.0,0.02,1e-09
40.840386497999134,-1,0.14105461966467314,0.17684461966467313,-0.174298,0.096588,0.14105461966467314,-0.17348661966467313,-0.174298,-0.09323,0.05,1.0,0.0,0.02,1e-09
40.96640983299949,-1,0.14105461966467314,0.17684461966467313,-0.174298,0.096588,0.14105461966467314,-0.17348661966467313,-0.174298,-0.09323,0.05,1.0,0.0,0.02,1e-09
40.97286258799795,-1,0.14105461966467314,0.17684461966467313,-0.174298,0.096588,0.14105461966467314,-0.17348661966467313,-0.174298,-0.09323,0.05,1.0,0.0,0.02,1e-09
40.99912102899907,-1,0.14105461966467314,0.17684461966467313,-0.174298,0.096588,0.14105461966467314,-0.17348661966467313,-0.174298,-0.09323,0.05,1.0,0.0,0.02,1e-09
41.04703953999706,-1,0.14105461966467314,0.17684461966467313,-0.174298,0.096588,0.14105461966467314,-0.17348661966467313,-0.174298,-0.09323,0.05,1.0,0.0,0.02,1e-09
41.092582812998444,-1,0.14105461966467314,0.17684461966467313,-0.174298,0.096588,0.14105461966467314,-0.17348661966467313,-0.174298,-0.09323,0.05,1.0,0.0,0.02,1e-09
41.14356036999743,-1,0.14105461966467314,0.17684461966467313,-0.174298,0.096588,0.14105461966467314,-0.17348661966467313,-0.174298,-0.09323,0.05,1.0,0.0,0.02,1e-09
41.205172504000075,-1,0.14105461966467314,0.17684461966467313,-0.174298,0.096588,0.14105461966467314,-0.17348661966467313,-0.174298,-0.09323,0.05,1.0,0.0,0.02,1e-09
41.25262290200044,-1,0.14105461966467314,0.17684461966467313,-0.174298,0.096588,0.14105461966467314,-0.17348661966467313,-0.174298,-0.09323,0.05,1.0,0.0,0.02,1e-09
41.298613604998536,-1,0.14105461966467314,0.17684461966467313,-0.174298,0.096588,0.14105461966467314,-0.17348661966467313,-0.174298,-0.09323,0.05,1.0,0.0,0.02,1e-09
41.34186054699967,-1,0.14105461966467314,0.17684461966467313,-0.174298,0.096588,0.14105461966467314,-0.17348661966467313,-0.174298,-0.09323,0.05,1.0,0.0,0.02,1e-09
41.39483738999843,-1,0.14105461966467314,0.17684461966467313,-0.174298,0.096588,0.14105461966467314,-0.17348661966467313,-0.174298,-0.09323,0.05,1.0,0.0,0.02,1e-09
41.4621104580001,-1,0.14105461966467314,0.17684461966467313,-0.174298,0.096588,0.14105461966467314,-0.17348661966467313,-0.174298,-0.09323,0.05,1.0,0.0,0.02,1e-09
41.50308191599834,-1,0.14105461966467314,0.17684461966467313,-0.174298,0.096588,0.14105461966467314,-0.17348661966467313,-0.174298,-0.09323,0.05,1.0,0.0,0.02,1e-09
41.5536855499995,-1,0.14105461966467314,0.17684461966467313,-0.174298,0.096588,0.14105461966467314,-0.17348661966467313,-0.174298,-0.09323,0.05,1.0,0.0,0.02,1e-09
41.596622157998354,-1,0.14105461966467314,0.17684461966467313,-0.174298,0.096588,0.14105461966467314,-0.17348661966467313,-0.174298,-0.09323,0.05,1.0,0.0,0.02,1e-09
41.640571833999275,-1,0.14105461966467314,0.17684461966467313,-0.174298,0.096588,0.14105461966467314,-0.17348661966467313,-0.174298,-0.09323,0.05,1.0,0.0,0.02,1e-09
41.695060966998426,-1,0.14105461966467314,0.17684461966467313,-0.174298,0.096588,0.14105461966467314,-0.17348661966467313,-0.174298,-0.09323,0.05,1.0,0.0,0.02,1e-09
41.74124400399887,-1,0.14105461966467314,0.17684461966467313,-0.174298,0.096588,0.14105461966467314,-0.17348661966467313,-0.174298,-0.09323,0.05,1.0,0.0,0.02,1e-09
41.7910056719993,-1,0.14105461966467314,0.17684461966467313,-0.174298,0.096588,0.14105461966467314,-0.17348661966467313,-0.174298,-0.09323,0.05,1.0,0.0,0.02,1e-09
41.8507809349976,-1,0.14105461966467314,0.17684461966467313,-0.174298,0.096588,0.14105461966467314,-0.17348661966467313,-0.174298,-0.09323,0.05,1.0,0.0,0.02,1e-09
41.891392374000134,-1,0.14105461966467314,0.17684461966467313,-0.174298,0.096588,0.14105461966467314,-0.17348661966467313,-0.174298,-0.09323,0.05,1.0,0.0,0.02,1e-09
41.95112092399722,-1,0.14105461966467314,0.17684461966467313,-0.174298,0.096588,0.14105461966467314,-0.17348661966467313,-0.174298,-0.09323,0.05,1.0,0.0,0.02,1e-09
42.00695262299996,-1,0.14105461966467314,0.17684461966467313,-0.174298,0.096588,0.14105461966467314,-0.17348661966467313,-0.174298,-0.09323,0.05,1.0,0.0,0.02,1e-09
42.039894328998344,-1,0.14105461966467314,0.17684461966467313,-0.174298,0.096588,0.14105461966467314,-0.17348661966467313,-0.174298,-0.09323,0.05,1.0,0.0,0.02,1e-09
42.09162480899977,-1,0.14105461966467314,0.17684461966467313,-0.174298,0.096588,0.14105461966467314,-0.17348661966467313,-0.174298,-0.09323,0.05,1.0,0.0,0.02,1e-09
42.13912310999876,-1,0.14105461966467314,0.17684461966467313,-0.174298,0.096588,0.14105461966467314,-0.17348661966467313,-0.174298,-0.09323,0.05,1.0,0.0,0.02,1e-09
42.19307749499785,-1,0.14105461966467314,0.17684461966467313,-0.174298,0.096588,0.14105461966467314,-0.17348661966467313,-0.174298,-0.09323,0.05,1.0,0.0,0.02,1e-09
42.24211415099853,-1,0.14105461966467314,0.17684461966467313,-0.174298,0.096588,0.14105461966467314,-0.17348661966467313,-0.174298,-0.09323,0.05,1.0,0.0,0.02,1e-09
42.296418984999036,-1,0.14105461966467314,0.17684461966467313,-0.174298,0.096588,0.14105461966467314,-0.17348661966467313,-0.174298,-0.09323,0.05,1.0,0.0,0.02,1e-09
42.340103877999354,-1,0.14105461966467314,0.17684461966467313,-0.174298,0.096588,0.14105461966467314,-0.17348661966467313,-0.174298,-0.09323,0.05,1.0,0.0,0.02,1e-09
42.395394775998284,-1,0.14105461966467314,0.17684461966467313,-0.174298,0.096588,0.14105461966467314,-0.17348661966467313,-0.174298,-0.09323,0.05,1.0,0.0,0.02,1e-09
42.44757900699915,-1,0.14105461966467314,0.17684461966467313,-0.174298,0.096588,0.14105461966467314,-0.17348661966467313,-0.174298,-0.09323,0.05,1.0,0.0,0.02,1e-09
42.49604983599784,-1,0.14105461966467314,0.17684461966467313,-0.174298,0.096588,0.14105461966467314,-0.17348661966467313,-0.174298,-0.09323,0.05,1.0,0.0,0.02,1e-09
42.54659706899838,-1,0.14105461966467314,0.17684461966467313,-0.174298,0.096588,0.14105461966467314,-0.17348661966467313,-0.174298,-0.09323,0.05,1.0,0.0,0.02,1e-09
42.59458607899796,-1,0.14105461966467314,0.17684461966467313,-0.174298,0.096588,0.14105461966467314,-0.17348661966467313,-0.174298,-0.09323,0.05,1.0,0.0,0.02,1e-09
42.64893737199964,-1,0.14105461966467314,0.17684461966467313,-0.174298,0.096588,0.14105461966467314,-0.17348661966467313,-0.174298,-0.09323,0.05,1.0,0.0,0.02,1e-09
42.699909406997904,-1,0.14105461966467314,0.17684461966467313,-0.174298,0.096588,0.14105461966467314,-0.17348661966467313,-0.174298,-0.09323,0.05,1.0,0.0,0.02,1e-09
42.745292220999545,-1,0.14105461966467314,0.17684461966467313,-0.174298,0.096588,0.14105461966467314,-0.17348661966467313,-0.174298,-0.09323,0.05,1.0,0.0,0.02,1e-09
42.792649588998756,-1,0.14105461966467314,0.17684461966467313,-0.174298,0.096588,0.14105461966467314,-0.17348661966467313,-0.174298,-0.09323,0.05,1.0,0.0,0.02,1e-09
42.84120533899841,-1,0.14105461966467314,0.17684461966467313,-0.174298,0.096588,0.14105461966467314,-0.17348661966467313,-0.174298,-0.09323,0.05,1.0,0.0,0.02,1e-09
42.89355675600018,-1,0.14105461966467314,0.17684461966467313,-0.174298,0.096588,0.14105461966467314,-0.17348661966467313,-0.174298,-0.09323,0.05,1.0,0.0,0.02,1e-09
42.94041755099897,-1,0.14105461966467314,0.17684461966467313,-0.174298,0.096588,0.14105461966467314,-0.17348661966467313,-0.174298,-0.09323,0.05,1.0,0.0,0.02,1e-09
43.00073773499753,-1,0.14105461966467314,0.17684461966467313,-0.174298,0.096588,0.14105461966467314,-0.17348661966467313,-0.174298,-0.09323,0.05,1.0,0.0,0.02,1e-09
43.04697169799692,-1,0.14105461966467314,0.17684461966467313,-0.174298,0.096588,0.14105461966467314,-0.17348661966467313,-0.174298,-0.09323,0.05,1.0,0.0,0.02,1e-09
43.09300653199898,-1,0.14105461966467314,0.17684461966467313,-0.174298,0.096588,0.14105461966467314,-0.17348661966467313,-0.174298,-0.09323,0.05,1.0,0.0,0.02,1e-09
43.1431529879992,-1,0.14105461966467314,0.17684461966467313,-0.174298,0.096588,0.14105461966467314,-0.17348661966467313,-0.174298,-0.09323,0.05,1.0,0.0,0.02,1e-09
43.20307266199961,-1,0.14105461966467314,0.17684461966467313,-0.174298,0.096588,0.14105461966467314,-0.17348661966467313,-0.174298,-0.09323,0.05,1.0,0.0,0.02,1e-09
43.247257844999694,-1,0.14105461966467314,0.17684461966467313,-0.174298,0.096588,0.14105461966467314,-0.17348661966467313,-0.174298,-0.09323,0.05,1.0,0.0,0.02,1e-09
43.29511148399979,-1,0.14105461966467314,0.17684461966467313,-0.174298,0.096588,0.14105461966467314,-0.17348661966467313,-0.174298,-0.09323,0.05,1.0,0.0,0.02,1e-09
43.35525406299712,-1,0.14105461966467314,0.17684461966467313,-0.174298,0.096588,0.14105461966467314,-0.17348661966467313,-0.174298,-0.09323,0.05,1.0,0.0,0.02,1e-09
