sim_time_s,latency_s,firing_variance,temporal_consistency,lambda_efficiency,mode,red_present,blue_present
1781115584.842,,0.0,0.0,0.0,C,0,1
1781115585.042,,0.0,0.0,0.0,C,0,1
1781115585.242,,0.0,0.0,0.0,C,0,1
1781115585.442,,0.0,0.0,0.0,C,0,1
1781115585.642,,0.0,0.0,0.0,C,0,1
1781115585.842,,0.0,0.0,0.0,C,0,1
1781115586.042,,0.0,0.0,0.0,C,0,1
1781115586.242,,0.0,0.0,0.0,C,0,1
1781115586.443,1.7411,0.001073,0.9946,1.0,H,0,1
1781115586.643,1.7411,0.001757,0.9965,1.0,H,0,1
1781115586.843,1.7411,0.002274,0.9974,1.0,H,0,1
1781115587.043,1.7411,0.002858,0.9982,1.0,H,0,1
1781115587.243,1.7411,0.00311,0.9985,1.0,H,0,1
1781115587.443,1.7411,0.003316,0.9987,1.0,H,0,1
1781115587.643,1.7411,0.003755,0.9989,1.0,H,0,1
1781115587.843,1.7411,0.003885,0.999,1.0,H,0,1
1781115588.043,0.0124,0.003943,0.9991,1.0,H,0,1
1781115588.243,0.0762,0.004042,0.9991,1.0,H,0,1
1781115588.443,0.0762,0.00423,0.9992,1.0,H,0,1
1781115588.643,0.0762,0.004394,0.9992,1.0,H,0,1
1781115588.843,0.0762,0.004615,0.9993,1.0,H,0,1
1781115589.043,0.0762,0.004701,0.9993,1.0,H,0,1
1781115589.243,0.0762,0.004835,0.9993,1.0,H,0,1
1781115589.443,0.0762,0.005141,0.9994,1.0,H,0,1
1781115589.643,0.0762,0.005289,0.9994,1.0,H,0,1
1781115589.843,0.0762,0.005526,0.9994,1.0,H,0,1
1781115590.043,0.0762,0.005731,0.9994,1.0,H,0,1
1781115590.243,0.0762,0.005706,0.9994,1.0,H,0,1
1781115590.443,0.0762,0.005657,0.9995,1.0,H,0,1
1781115590.643,0.0762,0.005606,0.9995,1.0,H,0,1
1781115590.843,0.0762,0.005607,0.9995,1.0,H,0,1
1781115591.043,0.0762,0.005645,0.9995,1.0,H,0,1
1781115591.243,0.0762,0.005909,0.9995,1.0,H,0,1
1781115591.443,0.0762,0.006161,0.9995,1.0,H,0,1
1781115591.643,0.0762,0.006318,0.9995,1.0,H,0,1
1781115591.843,0.0762,0.006668,0.9995,1.0,H,0,1
1781115592.043,0.0762,0.006846,0.9995,1.0,H,0,1
1781115592.243,0.0762,0.006911,0.9995,1.0,H,0,1
1781115592.443,0.0762,0.007133,0.9995,1.0,H,0,1
1781115592.643,0.0762,0.007304,0.9995,1.0,H,0,1
1781115592.844,0.0762,0.007501,0.9995,1.0,H,0,1
1781115593.043,0.0762,0.008233,0.9996,1.0,H,0,1
1781115593.243,0.0762,0.008718,0.9996,1.0,H,0,1
1781115593.443,0.0762,0.009279,0.9996,1.0,H,0,1
1781115593.643,0.0762,0.010593,0.9996,1.0,H,0,1
1781115593.843,0.0762,0.009823,0.9997,1.0,H,0,1
1781115594.043,0.0762,0.009415,0.9997,1.0,H,0,1
1781115594.243,0.0762,0.008872,0.9997,1.0,H,0,1
1781115594.443,0.0762,0.008738,0.9997,1.0,H,0,1
1781115594.643,0.0762,0.008811,0.9997,1.0,H,0,1
1781115594.843,0.0762,0.009337,0.9997,1.0,H,0,1
1781115595.043,0.0762,0.009654,0.9997,1.0,H,0,1
1781115595.243,0.0762,0.010207,0.9997,1.0,H,0,1
1781115595.443,0.0762,0.011285,0.9997,1.0,H,0,1
1781115595.643,0.0762,0.01185,0.9997,1.0,H,0,1
1781115595.843,0.0762,0.012678,0.9997,1.0,H,0,1
1781115596.043,0.0762,0.014515,0.9997,1.0,H,0,1
1781115596.243,0.0762,0.015343,0.9997,1.0,H,0,1
1781115596.443,0.0762,0.016199,0.9997,1.0,H,0,1
1781115596.643,0.0762,0.018101,0.9997,1.0,H,0,1
1781115596.844,0.0762,0.019148,0.9997,1.0,H,0,1
1781115597.044,0.0762,0.020373,0.9997,1.0,H,0,1
1781115597.243,0.0762,0.091466,0.9895,1.0,H,0,1
1781115597.443,0.0762,0.216069,0.9842,1.0,H,0,1
1781115597.643,0.0762,0.390386,0.9805,1.0,H,0,1
1781115597.843,0.0762,0.656361,0.9804,1.0,H,0,1
1781115598.043,0.0762,0.763831,0.9804,1.0,H,0,1
1781115598.243,0.0762,0.840768,0.9801,1.0,H,0,1
1781115598.443,0.0762,0.892026,0.977,1.0,H,0,1
1781115598.643,0.0762,0.890782,0.9737,1.0,H,0,1
1781115598.843,0.0762,0.889373,0.9737,1.0,H,0,1
1781115599.043,0.0762,0.886537,0.9737,1.0,H,0,1
1781115599.243,0.0762,0.885013,0.9737,1.0,H,0,1
1781115599.443,0.0762,0.896177,0.9709,1.0,H,0,1
1781115599.643,0.0762,1.04212,0.9684,1.0,H,0,1
1781115599.843,0.0762,1.176567,0.9682,1.0,H,0,1
1781115600.043,0.0762,1.33093,0.9681,1.0,H,0,1
1781115600.243,0.0762,1.502248,0.9655,1.0,H,0,1
1781115600.443,0.0762,1.504519,0.9642,1.0,H,0,1
1781115600.644,0.0762,1.500701,0.9633,1.0,H,0,1
1781115600.843,0.0762,1.492221,0.9624,1.0,H,0,1
1781115601.044,0.0762,1.488113,0.9624,1.0,H,0,1
1781115601.243,0.0762,1.483832,0.9624,1.0,H,0,1
1781115601.443,0.0762,1.501968,0.9551,1.0,H,0,1
1781115601.643,0.0762,1.551991,0.9515,1.0,H,0,1
1781115601.843,0.0762,1.627401,0.949,1.0,H,0,1
1781115602.043,0.0762,1.762697,0.949,1.0,H,0,1
1781115602.244,0.0762,1.844048,0.9489,1.0,H,0,1
1781115602.443,0.0762,1.940981,0.9487,1.0,H,0,1
1781115602.643,0.0762,2.109987,0.9484,1.0,H,0,1
1781115602.844,0.0762,2.141493,0.9481,1.0,H,0,1
1781115603.043,0.0762,2.152398,0.9467,1.0,H,0,1
1781115603.243,0.0762,2.139426,0.9425,1.0,H,0,1
1781115603.444,0.0762,2.133602,0.9425,1.0,H,0,1
1781115603.643,0.0762,2.127943,0.9425,1.0,H,0,1
1781115603.844,0.0762,2.117851,0.9424,1.0,H,0,1
1781115604.043,0.0762,2.113284,0.9424,1.0,H,0,1
1781115604.243,0.0762,2.108105,0.9422,1.0,H,0,1
1781115604.443,0.0762,2.097574,0.9417,1.0,H,0,1
1781115604.643,0.0762,2.094115,0.9518,1.0,H,0,1
1781115604.843,0.0762,2.057856,0.9571,1.0,H,0,1
1781115605.043,0.0762,1.928025,0.9607,1.0,H,0,1
1781115605.243,0.0762,1.876124,0.9603,1.0,H,0,1
1781115605.443,0.0762,1.842756,0.9601,1.0,H,0,1
1781115605.643,0.0762,1.837224,0.9613,1.0,H,0,1
1781115605.843,0.0762,1.844074,0.9618,1.0,H,0,1
1781115606.043,0.0762,1.846288,0.9638,1.0,H,0,1
1781115606.243,0.0762,1.838668,0.9618,1.0,H,0,1
1781115606.443,0.0762,1.834717,0.9618,1.0,H,0,1
1781115606.644,0.0762,1.830504,0.9618,1.0,H,0,1
1781115606.844,0.0762,1.822761,0.9642,1.0,H,0,1
1781115607.044,0.0762,1.802979,0.9637,1.0,H,0,1
1781115607.243,0.0762,1.750267,0.9628,1.0,H,0,1
1781115607.443,0.0762,1.542193,0.9639,1.0,H,0,1
1781115607.644,0.0762,1.454936,0.9654,1.0,H,0,1
1781115607.844,0.0762,1.40428,0.9668,1.0,H,0,1
1781115608.043,0.0762,1.400621,0.968,1.0,H,0,1
1781115608.243,0.0762,1.397443,0.9683,1.0,H,0,1
1781115608.443,0.0762,1.38924,0.9682,1.0,H,0,1
1781115608.643,0.0762,1.373049,0.9675,1.0,H,0,1
1781115608.843,0.0762,1.366968,0.9744,1.0,H,0,1
1781115609.043,0.0762,1.344442,0.9781,1.0,H,0,1
1781115609.243,0.0762,1.255957,0.9804,1.0,H,0,1
1781115609.444,0.0762,1.235589,0.9777,1.0,H,0,1
1781115609.643,0.0762,1.277431,0.9765,1.0,H,0,1
1781115609.843,0.0762,1.794611,0.9742,1.0,H,0,1
1781115610.043,0.0762,2.626651,0.9728,1.0,H,0,1
1781115610.243,0.0762,3.865,0.9722,1.0,H,0,1
1781115610.443,0.0762,6.347069,0.9752,1.0,H,0,1
1781115610.643,0.0762,7.532506,0.9778,1.0,H,0,1
1781115610.843,0.0762,8.375525,0.9773,1.0,H,0,1
1781115611.043,0.0762,8.873762,0.9739,1.0,H,0,1
1781115611.243,0.0762,8.848915,0.9683,1.0,H,0,1
1781115611.443,0.0762,8.824793,0.9683,1.0,H,0,1
1781115611.643,0.0762,8.787257,0.9688,1.0,H,0,1
1781115611.843,0.0762,8.809264,0.9659,1.0,H,0,1
1781115612.043,0.0762,8.859863,0.9635,1.0,H,0,1
1781115612.243,0.0762,8.962629,0.9615,1.0,H,0,1
1781115612.443,0.0762,9.001778,0.9616,1.0,H,0,1
1781115612.643,0.0762,9.040683,0.9619,1.0,H,0,1
1781115612.843,0.0762,9.105639,0.9617,1.0,H,0,1
1781115613.043,0.0762,9.130133,0.9615,1.0,H,0,1
1781115613.243,0.0762,9.155196,0.9627,1.0,H,0,1
1781115613.443,0.0762,9.172615,0.9659,1.0,H,0,1
1781115613.643,0.0762,9.155084,0.9658,1.0,H,0,1
1781115613.843,0.0762,9.125205,0.9648,1.0,H,0,1
1781115614.043,0.0762,9.082478,0.9626,1.0,H,0,1
1781115614.243,0.0762,9.133555,0.9639,1.0,H,0,1
1781115614.443,0.0762,9.241423,0.9647,1.0,H,0,1
1781115614.643,0.0762,9.43036,0.9656,1.0,H,0,1
1781115614.844,0.0762,9.440462,0.9653,1.0,H,0,1
1781115615.043,0.0762,9.386223,0.965,1.0,H,0,1
1781115615.243,0.0762,9.305491,0.9613,1.0,H,0,1
1781115615.443,0.0762,9.278482,0.9584,1.0,H,0,1
1781115615.643,0.0762,9.251836,0.9586,1.0,H,0,1
1781115615.843,0.0762,9.304083,0.956,1.0,H,0,1
1781115616.043,0.0762,9.45215,0.9549,1.0,H,0,1
1781115616.243,0.0762,9.701385,0.9543,1.0,H,0,1
1781115616.443,0.0762,10.25069,0.9542,1.0,H,0,1
1781115616.643,0.0762,10.489247,0.9544,1.0,H,0,1
1781115616.843,0.0762,10.701464,0.9571,1.0,H,0,1
1781115617.043,0.0762,10.932433,0.9549,1.0,H,0,1
1781115617.243,0.0762,10.957749,0.9527,1.0,H,0,1
1781115617.443,0.0762,10.67099,0.954,1.0,H,0,1
1781115617.643,0.0762,9.03689,0.9551,1.0,H,0,1
1781115617.844,0.0762,7.949739,0.9551,1.0,H,0,1
1781115618.043,0.0762,6.795115,0.955,1.0,H,0,1
1781115618.243,0.0762,4.63123,0.9571,1.0,H,0,1
1781115618.443,0.0762,4.088442,0.9587,1.0,H,0,1
1781115618.643,0.0762,3.968954,0.9642,1.0,H,0,1
1781115618.843,0.0762,3.962167,0.9642,1.0,H,0,1
1781115619.043,0.0762,3.957164,0.9638,1.0,H,0,1
1781115619.243,0.0762,3.94908,0.9667,1.0,H,0,1
1781115619.443,0.0762,3.905208,0.9708,1.0,H,0,1
1781115619.643,0.0762,3.887443,0.9709,1.0,H,0,1
1781115619.843,0.0762,3.880258,0.971,1.0,H,0,1
1781115620.043,0.0762,3.871166,0.9713,1.0,H,0,1
1781115620.243,0.0762,3.86852,0.9716,1.0,H,0,1
1781115620.444,0.0762,3.867345,0.972,1.0,H,0,1
1781115620.644,0.0762,3.86153,0.9722,1.0,H,0,1
1781115620.843,0.0762,3.856467,0.9722,1.0,H,0,1
1781115621.043,0.0762,3.852968,0.9723,1.0,H,0,1
1781115621.243,0.0762,3.854627,0.974,1.0,H,0,1
1781115621.443,0.0762,3.853582,0.9755,1.0,H,0,1
1781115621.643,0.0762,3.773884,0.9762,1.0,H,0,1
1781115621.843,0.0762,3.332891,0.9768,1.0,H,0,1
1781115622.044,0.0762,3.01441,0.9771,1.0,H,0,1
1781115622.243,0.0762,2.748453,0.9774,1.0,H,0,1
1781115622.443,0.0762,2.42106,0.9795,1.0,H,0,1
1781115622.643,0.0762,2.349126,0.9814,1.0,H,0,1
1781115622.843,0.0762,2.333084,0.9843,1.0,H,0,1
1781115623.043,0.0762,2.418773,0.9849,1.0,H,0,1
1781115623.244,0.0762,2.472153,0.9874,1.0,H,0,1
1781115623.443,0.0762,2.470599,0.9888,1.0,H,0,1
1781115623.643,0.0762,2.271574,0.9898,1.0,H,0,1
1781115623.843,0.0762,2.091048,0.9899,1.0,H,0,1
1781115624.043,0.0762,1.892711,0.9899,1.0,H,0,1
1781115624.243,0.0762,1.590049,0.9919,1.0,H,0,1
1781115624.443,0.0762,1.592309,0.9944,1.0,H,0,1
1781115624.643,0.0762,1.697599,0.9984,1.0,H,0,1
1781115624.844,0.0762,2.133464,0.9984,1.0,H,0,1
1781115625.043,0.0762,2.356007,0.9984,1.0,H,0,1
1781115625.244,0.0762,2.576514,0.9984,1.0,H,0,1
1781115625.443,0.0762,3.123688,0.9984,1.0,H,0,1
1781115625.643,0.0762,3.459034,0.9986,1.0,H,0,1
1781115625.843,0.0762,3.832043,0.9987,1.0,H,0,1
1781115626.044,0.0762,4.640148,0.9988,1.0,H,0,1
1781115626.243,0.0762,5.05044,0.9988,1.0,H,0,1
1781115626.444,0.0762,5.492673,0.9992,1.0,H,0,1
1781115626.643,0.0762,6.370218,0.9999,1.0,H,0,1
1781115626.843,0.0762,6.779058,0.9999,1.0,H,0,1
1781115627.043,0.0762,7.200504,0.9999,1.0,H,0,1
1781115627.243,0.0762,8.427519,0.9999,1.0,H,0,1
1781115627.443,0.0762,9.400603,0.9999,1.0,H,0,1
1781115627.644,0.0762,10.600213,0.9999,1.0,H,0,1
1781115627.843,0.0762,13.810549,0.9999,1.0,H,0,1
1781115628.044,0.0762,15.719068,0.9996,1.0,H,0,1
1781115628.243,0.0762,17.814478,0.9995,1.0,H,0,1
1781115628.443,0.0762,23.085709,0.9995,1.0,H,0,1
1781115628.643,0.0762,25.807364,0.9995,1.0,H,0,1
1781115628.843,0.0762,28.47327,0.9995,1.0,H,0,1
1781115629.043,0.0762,33.334209,0.9995,1.0,H,0,1
1781115629.243,0.0762,35.461746,0.9995,1.0,H,0,1
