timestamp,mode,leg_in_air,foot_RU_x,foot_RU_y,foot_LU_x,foot_LU_y,foot_RD_x,foot_RD_y,foot_LD_x,foot_LD_y,SM,SM_norm,TR,triangle_area,inradius
120.20682761599892,C,-1,0.14055230699114302,0.1647953897904729,-0.16229018510760307,0.10840435250323155,0.12861966207784056,-0.18353465425984805,-0.1609208165917789,-0.10665814233639156,0.05,1.0,0.0,0.02,1e-09
120.257661025993,C,-1,0.14055230699114302,0.1647953897904729,-0.16229018510760307,0.10840435250323155,0.12861966207784056,-0.18353465425984805,-0.1609208165917789,-0.10665814233639156,0.05,1.0,0.0,0.02,1e-09
120.30505503599852,C,-1,0.14055230699114302,0.1647953897904729,-0.16229018510760307,0.10840435250323155,0.12861966207784056,-0.18353465425984805,-0.1609208165917789,-0.10665814233639156,0.05,1.0,0.0,0.02,1e-09
120.35591118499724,C,-1,0.14055230699114302,0.1647953897904729,-0.16229018510760307,0.10840435250323155,0.12861966207784056,-0.18353465425984805,-0.1609208165917789,-0.10665814233639156,0.05,1.0,0.0,0.02,1e-09
120.40886351499648,C,-1,0.14055230699114302,0.1647953897904729,-0.16229018510760307,0.10840435250323155,0.12861966207784056,-0.18353465425984805,-0.1609208165917789,-0.10665814233639156,0.05,1.0,0.0,0.02,1e-09
120.45853768499364,C,1,0.14055230699114302,0.1647953897904729,-0.16229018510760307,0.10840435250323155,0.12861966207784056,-0.18353465425984805,-0.1609208165917789,-0.10665814233639156,0.028416665200208312,0.29423324922892585,0.7057667507710741,0.05088649390414772,0.09657870167521058
120.51356435099297,C,1,0.1416497725599729,0.16580008779820102,-0.16231485941698778,0.1084079610936779,0.1295079351013049,-0.18468161621894263,-0.1624274529955953,-0.10681289291033802,0.02889522376449065,0.29695152401127595,0.7030484759887241,0.0516317408323174,0.09730619790788961
120.55511671599379,C,1,0.1416497725599729,0.16580008779820102,-0.16231485941698778,0.1084079610936779,0.1295079351013049,-0.18468161621894263,-0.1624274529955953,-0.10681289291033802,0.02889522376449065,0.29695152401127595,0.7030484759887241,0.0516317408323174,0.09730619790788961
120.60867493099795,C,1,0.1428574473390528,0.16690619718340316,-0.16199906639524195,0.10939218332899357,0.1304846413857104,-0.18594339085737815,-0.16408626221700956,-0.1069832737565915,0.029422398121996027,0.29990291093090904,0.700097089069091,0.05245809009598083,0.09810641060691236
120.65967861599347,C,1,0.1428574473390528,0.16690619718340316,-0.16199906639524195,0.10939218332899357,0.1304846413857104,-0.18594339085737815,-0.16408626221700956,-0.1069832737565915,0.029422398121996027,0.29990291093090904,0.700097089069091,0.05245809009598083,0.09810641060691236
120.71021730799839,C,1,0.1435698671293664,0.16755895842562413,-0.1595222910339777,0.11729605111787644,0.13106043067652115,-0.18668754305537383,-0.16506524322865895,-0.10708382768248673,0.029733655827582684,0.3016247548314967,0.6983752451685032,0.05294864079924021,0.0985783008566172
120.75902476999909,C,1,0.1435698671293664,0.16755895842562413,-0.1595222910339777,0.11729605111787644,0.13106043067652115,-0.18668754305537383,-0.16506524322865895,-0.10708382768248673,0.029733655827582684,0.3016247548314967,0.6983752451685032,0.05294864079924021,0.0985783008566172
120.80379335799807,C,1,0.14399028218759743,0.1679442571132029,-0.1630212336491198,0.13144776555490792,0.13140008412902918,-0.187126620507167,-0.16564311345758667,-0.10714318241400855,0.029917430256771304,0.30263426563575213,0.6973657343642479,0.05323919809261937,0.09885671800555346
120.8596167039941,C,-1,0.14399028218759743,0.1679442571132029,-0.1630212336491198,0.13144776555490792,0.13140008412902918,-0.187126620507167,-0.16564311345758667,-0.10714318241400855,0.05,1.0,0.0,0.02,1e-09
120.90685408599529,C,-1,0.14423843820722465,0.16817171644627452,-0.1646277567471345,0.1514820858802933,0.13160052303538344,-0.18738577002363577,-0.1659842625393057,-0.10717822284009774,0.05,1.0,0.0,0.02,1e-09
120.96352579899394,C,-1,0.1450361051047646,0.16663562798040316,-0.16046704636417947,0.17132404040301114,0.13145204865460042,-0.18926318493595373,-0.16538210594774694,-0.10874251419069292,0.05,1.0,0.0,0.02,1e-09
121.01258389199938,C,-1,0.1450361051047646,0.16663562798040316,-0.16046704636417947,0.17132404040301114,0.13145204865460042,-0.18926318493595373,-0.16538210594774694,-0.10874251419069292,0.05,1.0,0.0,0.02,1e-09
121.06069910499355,C,-1,0.1450361051047646,0.16663562798040316,-0.16046704636417947,0.17132404040301114,0.13145204865460042,-0.18926318493595373,-0.16538210594774694,-0.10874251419069292,0.05,1.0,0.0,0.02,1e-09
121.10364696299803,C,-1,0.14856557120356367,0.1583293599010479,-0.1503662987860166,0.1909875060939793,0.13047662881560418,-0.19871327494822855,-0.16159696074690605,-0.11662050224994114,0.05,1.0,0.0,0.02,1e-09
121.15493296899513,C,-1,0.15454110194728335,0.1450165451281292,-0.14022295192402856,0.1989011538583847,0.1285774939804285,-0.2137199912246626,-0.15580389532145003,-0.12946017821878514,0.05,1.0,0.0,0.02,1e-09
121.20545899899298,C,-1,0.15454110194728335,0.1450165451281292,-0.14022295192402856,0.1989011538583847,0.1285774939804285,-0.2137199912246626,-0.15580389532145003,-0.12946017821878514,0.05,1.0,0.0,0.02,1e-09
121.26117521199922,C,2,0.16140817208489217,0.13009290754287095,-0.1347292840934058,0.19442912323724604,0.12517396916461762,-0.22818311665055385,-0.14951509426268014,-0.14398799768504233,0.009143955627369447,0.0954681752782339,0.9045318247217661,0.050584624194688226,0.09578014454262024
121.30190193799353,C,2,0.16140817208489217,0.13009290754287095,-0.1347292840934058,0.19442912323724604,0.12517396916461762,-0.22818311665055385,-0.14951509426268014,-0.14398799768504233,0.009143955627369447,0.0954681752782339,0.9045318247217661,0.050584624194688226,0.09578014454262024
121.36356952099595,C,2,0.16702578669354134,0.11445736773476584,-0.1318525226281613,0.1889932172619202,0.12182512052255402,-0.23841361893559782,-0.14194648067902096,-0.1581027851158593,0.02466057087904893,0.25188453687485596,0.7481154631251441,0.05224591405070235,0.09790426671289103
121.40390056199976,C,2,0.16702578669354134,0.11445736773476584,-0.1318525226281613,0.1889932172619202,0.12182512052255402,-0.23841361893559782,-0.14194648067902096,-0.1581027851158593,0.02466057087904893,0.25188453687485596,0.7481154631251441,0.05224591405070235,0.09790426671289103
121.46620100499422,C,2,0.16702578669354134,0.11445736773476584,-0.1318525226281613,0.1889932172619202,0.12182512052255402,-0.23841361893559782,-0.14194648067902096,-0.1581027851158593,0.02466057087904893,0.25188453687485596,0.7481154631251441,0.05224591405070235,0.09790426671289103
121.5194708439958,C,2,0.16937916565192576,0.10389712241760665,-0.13009784627949983,0.1857757795487472,0.12870073484584263,-0.24009153167351727,-0.13590231055987737,-0.16660924893699974,0.03456921367369531,0.34918855974686075,0.6508114402531393,0.053003238560462386,0.0989987005838787
121.57092289299908,C,2,0.16937916565192576,0.10389712241760665,-0.13009784627949983,0.1857757795487472,0.12870073484584263,-0.24009153167351727,-0.13590231055987737,-0.16660924893699974,0.03456921367369531,0.34918855974686075,0.6508114402531393,0.053003238560462386,0.0989987005838787
121.6107011339991,C,2,0.16937916565192576,0.10389712241760665,-0.13009784627949983,0.1857757795487472,0.12870073484584263,-0.24009153167351727,-0.13590231055987737,-0.16660924893699974,0.03456921367369531,0.34918855974686075,0.6508114402531393,0.053003238560462386,0.0989987005838787
121.66698596499918,C,2,0.17027454840892034,0.09751752598260431,-0.12904287769936623,0.18387447618261682,0.14794015443690686,-0.23025465565504627,-0.13190974179089743,-0.17137263168887504,0.04033877572585572,0.40546516992349696,0.594534830076503,0.05328961180004517,0.09948764707327841
121.715491474999,C,-1,0.17027454840892034,0.09751752598260431,-0.12904287769936623,0.18387447618261682,0.14794015443690686,-0.23025465565504627,-0.13190974179089743,-0.17137263168887504,0.05,1.0,0.0,0.02,1e-09
121.7578571579943,C,0,0.1706268195300395,0.09371139293920344,-0.12841349838294047,0.1827515210911192,0.16694482797417454,-0.20494516686759062,-0.12940973509106368,-0.17408466572427028,0.008600357980528044,0.09286340888558539,0.9071365911144146,0.05289038829680526,0.09261299023735305
121.808897349998,C,0,0.1706268195300395,0.09371139293920344,-0.12841349838294047,0.1827515210911192,0.16694482797417454,-0.20494516686759062,-0.12940973509106368,-0.17408466572427028,0.008600357980528044,0.09286340888558539,0.9071365911144146,0.05289038829680526,0.09261299023735305
121.85867649499414,C,0,0.1706268195300395,0.09371139293920344,-0.12841349838294047,0.1827515210911192,0.16694482797417454,-0.20494516686759062,-0.12940973509106368,-0.17408466572427028,0.008600357980528044,0.09286340888558539,0.9071365911144146,0.05289038829680526,0.09261299023735305
121.907607602996,C,0,0.17062199971772007,0.0914559126341252,-0.12803964349245311,0.1820883892960029,0.18182822283387765,-0.1774271839715219,-0.12788504259650832,-0.17564893914820107,0.021893241653068163,0.2256753618355747,0.7743246381644253,0.055397860620277004,0.0970121039133169
121.95574306999333,C,0,0.17062199971772007,0.0914559126341252,-0.12803964349245311,0.1820883892960029,0.18182822283387765,-0.1774271839715219,-0.12788504259650832,-0.17564893914820107,0.021893241653068163,0.2256753618355747,0.7743246381644253,0.055397860620277004,0.0970121039133169
122.00695842199639,C,0,0.17151409039538673,0.09801052490250423,-0.12781812056219943,0.18169681375715313,0.18663922142794354,-0.14996498356241528,-0.12696809022709268,-0.17655925740658593,0.03225888553996968,0.3243927381562254,0.6756072618437746,0.056187164650631616,0.0994439201177001
122.05318245599483,C,0,0.17151409039538673,0.09801052490250423,-0.12781812056219943,0.18169681375715313,0.18663922142794354,-0.14996498356241528,-0.12696809022709268,-0.17655925740658593,0.03225888553996968,0.3243927381562254,0.6756072618437746,0.056187164650631616,0.0994439201177001
122.12585028600006,C,0,0.18159480648240303,0.112210377074698,-0.12768704791976612,0.18146559349337976,0.1849190602666754,-0.13264937157802215,-0.12642089374771912,-0.17709204518100619,0.037500767581683934,0.3747793443877172,0.6252206556122828,0.05584479500649628,0.10006092422982786
122.15643471099611,C,-1,0.18159480648240303,0.112210377074698,-0.12768704791976612,0.18146559349337976,0.1849190602666754,-0.13264937157802215,-0.12642089374771912,-0.17709204518100619,0.05,1.0,0.0,0.02,1e-09
122.2079007229986,C,-1,0.18843932322614976,0.13208680495110528,-0.12760955849508296,0.181329061081711,0.1826602457550672,-0.12293413896327232,-0.12609578810698885,-0.17740497893706453,0.05,1.0,0.0,0.02,1e-09
122.26419144999818,C,-1,0.1883047012839322,0.15623236294549042,-0.12849837265671832,0.17975541076901363,0.1799680315668695,-0.11914611494854078,-0.12576019289469734,-0.179234773529476,0.05,1.0,0.0,0.02,1e-09
122.32296240999858,C,-1,0.1883047012839322,0.15623236294549042,-0.12849837265671832,0.17975541076901363,0.1799680315668695,-0.11914611494854078,-0.12576019289469734,-0.179234773529476,0.05,1.0,0.0,0.02,1e-09
122.35597175599833,C,-1,0.1883047012839322,0.15623236294549042,-0.12849837265671832,0.17975541076901363,0.1799680315668695,-0.11914611494854078,-0.12576019289469734,-0.179234773529476,0.05,1.0,0.0,0.02,1e-09
122.42081868999958,C,-1,0.1825584488947307,0.1789785130056743,-0.1338619502716897,0.1716055455229751,0.17401389127578776,-0.12566275849110412,-0.12520105546586438,-0.18897089306403736,0.05,1.0,0.0,0.02,1e-09
122.45544166699983,C,-1,0.17337589893124444,0.18778328431266195,-0.1417057767486673,0.16010592339181956,0.16674684211657578,-0.13774492537942057,-0.12394171019609537,-0.20301306090956137,0.05,1.0,0.0,0.02,1e-09
122.50258159199439,C,-1,0.17337589893124444,0.18778328431266195,-0.1417057767486673,0.16010592339181956,0.16674684211657578,-0.13774492537942057,-0.12394171019609537,-0.20301306090956137,0.05,1.0,0.0,0.02,1e-09
122.55819819899625,C,3,0.16422700658279663,0.18577592126723413,-0.15035708675218462,0.14779119395204726,0.15936838710187887,-0.1517374421531244,-0.12141755328842715,-0.21605967019614924,-0.0017138529106693575,-0.017548715041486408,1.0175487150414864,0.0529958910419613,0.0976625870679242
122.60765647799417,C,3,0.16422700658279663,0.18577592126723413,-0.15035708675218462,0.14779119395204726,0.15936838710187887,-0.1517374421531244,-0.12141755328842715,-0.21605967019614924,-0.0017138529106693575,-0.017548715041486408,1.0175487150414864,0.0529958910419613,0.0976625870679242
122.65908344199852,C,3,0.15635564669191845,0.17906167604326229,-0.15885051304149939,0.13386416364919745,0.15048990161016915,-0.16680323640297018,-0.11862333864291762,-0.226071213937016,0.014723705728584583,0.14834623103115277,0.8516537689688473,0.05437681687633947,0.09925230743134013
122.71561872099846,C,3,0.15635564669191845,0.17906167604326229,-0.15885051304149939,0.13386416364919745,0.15048990161016915,-0.16680323640297018,-0.11862333864291762,-0.226071213937016,0.014723705728584583,0.14834623103115277,0.8516537689688473,0.05437681687633947,0.09925230743134013
122.75496949599619,C,3,0.1515509433928323,0.17474767315528106,-0.16320248575107324,0.12411725425481562,0.14352998934840364,-0.17587247199600342,-0.12200237150287181,-0.2305775918384934,0.0253780022151181,0.2535555446724747,0.7464444553275253,0.05497639437502494,0.10008853187533179
122.8190378109939,C,3,0.1515509433928323,0.17474767315528106,-0.16320248575107324,0.12411725425481562,0.14352998934840364,-0.17587247199600342,-0.12200237150287181,-0.2305775918384934,0.0253780022151181,0.2535555446724747,0.7464444553275253,0.05497639437502494,0.10008853187533179
122.8588766939938,C,3,0.14870530595525983,0.17219171192233718,-0.16531747046046044,0.11812040751233854,0.13898405200575736,-0.18092291298317192,-0.1338891042720647,-0.2282842597199093,0.03162547743398362,0.31480301124930055,0.6851969887506995,0.055180197012136584,0.10046116556661078
122.91494553599478,C,3,0.14870530595525983,0.17219171192233718,-0.16531747046046044,0.11812040751233854,0.13898405200575736,-0.18092291298317192,-0.1338891042720647,-0.2282842597199093,0.03162547743398362,0.31480301124930055,0.6851969887506995,0.055180197012136584,0.10046116556661078
122.9592956849956,C,3,0.14702312027859973,0.17068044098011703,-0.16640135459077574,0.1145053390874737,0.13615396658515325,-0.18378870791223048,-0.15206561599599064,-0.21757338192066084,0.035286429147041005,0.3506423310420458,0.6493576689579542,0.055244365516381164,0.10063368288185884
123.00387133199547,C,1,0.14702312027859973,0.17068044098011703,-0.16640135459077574,0.1145053390874737,0.13615396658515325,-0.18378870791223048,-0.15206561599599064,-0.21757338192066084,-0.012311217329385057,-0.13725567122585253,1.1372556712258526,0.050898869658682566,0.0896955092597019
123.06303651499911,C,1,0.14602938296663068,0.16978755724597078,-0.16698263943816868,0.11234705687530083,0.13443342749490175,-0.1854383060344343,-0.16763244948845446,-0.20002785073766616,-0.0015426046850669944,-0.0164545494590091,1.0164545494590091,0.05356621610411694,0.09374943318319763
123.11488953399385,C,1,0.14602938296663068,0.16978755724597078,-0.16698263943816868,0.11234705687530083,0.13443342749490175,-0.1854383060344343,-0.16763244948845446,-0.20002785073766616,-0.0015426046850669944,-0.0164545494590091,1.0164545494590091,0.05356621610411694,0.09374943318319763
123.15359605599951,C,1,0.14544249007011617,0.16926018842093526,-0.16698157407910355,0.11209865825173704,0.13340054700950388,-0.18639710618609853,-0.18159353015712162,-0.17652820020498777,0.01063541082011774,0.10876906622876596,0.8912309337712341,0.056074391053108165,0.09777973820009693
123.20851972699893,C,1,0.14544249007011617,0.16926018842093526,-0.16698157407910355,0.11209865825173704,0.13340054700950388,-0.18639710618609853,-0.18159353015712162,-0.17652820020498777,0.01063541082011774,0.10876906622876596,0.8912309337712341,0.056074391053108165,0.09777973820009693
123.26746650699351,C,1,0.1450959101347019,0.16894874580990413,-0.16496745965525358,0.1178654183277639,0.1327848066733839,-0.18695786036279338,-0.18507054839589512,-0.14960090021124717,0.020839731455485146,0.20822859219440545,0.7917714078055945,0.056793363038975433,0.10008102747017973
123.30268747199443,C,1,0.1450959101347019,0.16894874580990413,-0.16496745965525358,0.1178654183277639,0.1327848066733839,-0.18695786036279338,-0.18507054839589512,-0.14960090021124717,0.020839731455485146,0.20822859219440545,0.7917714078055945,0.056793363038975433,0.10008102747017973
123.36313519499527,C,1,0.1448912512109878,0.16876483108035278,-0.16654830799796824,0.1326057365407551,0.13241919724070403,-0.18728707758902366,-0.1797529850556301,-0.13066966975871672,0.025819279998516142,0.2574146812951994,0.7425853187048006,0.055927818353105715,0.100302282172115
123.41873506199772,C,-1,0.1448912512109878,0.16876483108035278,-0.16654830799796824,0.1326057365407551,0.13241919724070403,-0.18728707758902366,-0.1797529850556301,-0.13066966975871672,0.05,1.0,0.0,0.02,1e-09
123.45343356999365,C,-1,0.14477040014127715,0.1686562278003872,-0.1676351822733905,0.1516876843226136,0.1322026066778796,-0.18748081022423152,-0.17504824822998089,-0.12043834087550427,0.05,1.0,0.0,0.02,1e-09
123.50664439199318,C,-1,0.14477040014127715,0.1686562278003872,-0.1676351822733905,0.1516876843226136,0.1322026066778796,-0.18748081022423152,-0.17504824822998089,-0.12043834087550427,0.05,1.0,0.0,0.02,1e-09
123.55905943199468,C,-1,0.1457278844280066,0.1655308668762115,-0.16277649852919132,0.17236537742171404,0.1315582753369867,-0.19127887670508809,-0.16999877842750152,-0.11756909193896718,0.05,1.0,0.0,0.02,1e-09
123.60702802499873,C,-1,0.1457278844280066,0.1655308668762115,-0.16277649852919132,0.17236537742171404,0.1315582753369867,-0.19127887670508809,-0.16999877842750152,-0.11756909193896718,0.05,1.0,0.0,0.02,1e-09
123.65784871899814,C,-1,0.14956735174696278,0.1562164693229627,-0.1517932125885607,0.19289753096705958,0.13023653804246754,-0.20154566942703683,-0.1633368179494172,-0.12328000767496095,0.05,1.0,0.0,0.02,1e-09
123.71102274099394,C,-1,0.14956735174696278,0.1562164693229627,-0.1517932125885607,0.19289753096705958,0.13023653804246754,-0.20154566942703683,-0.1633368179494172,-0.12328000767496095,0.05,1.0,0.0,0.02,1e-09
123.75340910699742,C,-1,0.15562017623493896,0.1429420479193335,-0.14108174085258154,0.1986929476280223,0.12796232686774067,-0.21614119095520212,-0.15622082309548654,-0.1344098179446529,0.05,1.0,0.0,0.02,1e-09
123.8067761429993,C,2,0.162118912897241,0.12825158686446284,-0.13516365082598886,0.19415701677777597,0.12486332523662377,-0.23035458566424022,-0.14911528378817407,-0.14745112773990732,0.011497104011020503,0.11917207191483134,0.8808279280851686,0.051236816679659035,0.09647481852322862
123.85973325699888,C,2,0.162118912897241,0.12825158686446284,-0.13516365082598886,0.19415701677777597,0.12486332523662377,-0.23035458566424022,-0.14911528378817407,-0.14745112773990732,0.011497104011020503,0.11917207191483134,0.8808279280851686,0.051236816679659035,0.09647481852322862
123.90678270299395,C,2,0.16730726036665053,0.11372042566188306,-0.132097552119515,0.18884201457077493,0.12196802244984012,-0.2406664424050282,-0.14172044777861167,-0.1598632337327907,0.025754772390809474,0.2621985770849706,0.7378014229150294,0.052563458346543336,0.09822620960472694
123.96311553699343,C,2,0.16730726036665053,0.11372042566188306,-0.132097552119515,0.18884201457077493,0.12196802244984012,-0.2406664424050282,-0.14172044777861167,-0.1598632337327907,0.025754772390809474,0.2621985770849706,0.7378014229150294,0.052563458346543336,0.09822620960472694
124.00331703599659,C,2,0.1695023343952936,0.10344321030047138,-0.1302385201329171,0.1856898554073254,0.12390653172619873,-0.24493066269453018,-0.13566398139407126,-0.16763718124206856,0.03523291064880227,0.3552580358760299,0.6447419641239701,0.053176386940048455,0.09917554873015476
124.05882711599406,C,2,0.1695023343952936,0.10344321030047138,-0.1302385201329171,0.1856898554073254,0.12390653172619873,-0.24493066269453018,-0.13566398139407126,-0.16763718124206856,0.03523291064880227,0.3552580358760299,0.6447419641239701,0.053176386940048455,0.09917554873015476
124.11475702299504,C,2,0.17033167726650816,0.09724413599919385,-0.12912454198018147,0.18382492118518629,0.13700330785217596,-0.240874039483301,-0.13173269107159008,-0.17197262734108393,0.040734499185938605,0.4090375520228943,0.5909624479771056,0.05338580214756688,0.0995862091010623
124.15321340599621,C,2,0.17033167726650816,0.09724413599919385,-0.12912454198018147,0.18382492118518629,0.13700330785217596,-0.240874039483301,-0.13173269107159008,-0.17197262734108393,0.040734499185938605,0.4090375520228943,0.5909624479771056,0.05338580214756688,0.0995862091010623
124.21094092199928,C,-1,0.1706550069507852,0.09354834218745958,-0.1284612309452712,0.18272267380111767,0.154977540132147,-0.22891799541716112,-0.1292926142275894,-0.17443591609082465,0.05,1.0,0.0,0.02,1e-09
124.25733524399402,C,0,0.1706550069507852,0.09354834218745958,-0.1284612309452712,0.18272267380111767,0.154977540132147,-0.22891799541716112,-0.1292926142275894,-0.17443591609082465,-0.0021792887070200186,-0.024595787412864833,1.0245957874128648,0.050787411484713045,0.08860414470325682
124.30785015199945,C,0,0.17078727813307415,0.0913558501931351,-0.1280676583787207,0.1820715002074919,0.1667782429216012,-0.20553789696925823,-0.12781152286425787,-0.1758551646674787,0.00830134558421329,0.08983782989255987,0.9101621701074402,0.052716964786061235,0.0924036744224694
124.35548769999878,C,0,0.17078727813307415,0.0913558501931351,-0.1280676583787207,0.1820715002074919,0.1667782429216012,-0.20553789696925823,-0.12781152286425787,-0.1758551646674787,0.00830134558421329,0.08983782989255987,0.9101621701074402,0.052716964786061235,0.0924036744224694
124.40905899099744,C,0,0.17075427391515277,0.0930440634739986,-0.12783460352852166,0.18168689154280893,0.17751354767444558,-0.1794842911274348,-0.12692316235226123,-0.17668059313182854,0.01967982423428409,0.20487816038368376,0.7951218396163162,0.05454883130454695,0.09605623262835275
124.46354398799303,C,0,0.17075427391515277,0.0930440634739986,-0.12783460352852166,0.18168689154280893,0.17751354767444558,-0.1794842911274348,-0.12692316235226123,-0.17668059313182854,0.01967982423428409,0.20487816038368376,0.7951218396163162,0.05454883130454695,0.09605623262835275
124.50240415000007,C,0,0.17206327837900362,0.10428616222108764,-0.12769676016247034,0.18145975216924104,0.1819856316032777,-0.1516863637172556,-0.12639383712976282,-0.1771635346129092,0.03001687928710252,0.3046877460616591,0.695312253938341,0.055312626722972255,0.09851685758648153
124.55513656999392,C,0,0.17206327837900362,0.10428616222108764,-0.12769676016247034,0.18145975216924104,0.1819856316032777,-0.1516863637172556,-0.12639383712976282,-0.1771635346129092,0.03001687928710252,0.3046877460616591,0.695312253938341,0.055312626722972255,0.09851685758648153
124.61435034799797,C,0,0.18041837896188742,0.12117530363841397,-0.1276152862384835,0.1813256180059715,0.1822038493226376,-0.13384739414642935,-0.12607962788518445,-0.17744713652621463,0.03610626856077812,0.36281565385634484,0.6371843461436552,0.05533533330159897,0.09951684327014795
124.6550044619944,C,-1,0.18041837896188742,0.12117530363841397,-0.1276152862384835,0.1813256180059715,0.1822038493226376,-0.13384739414642935,-0.12607962788518445,-0.17744713652621463,0.05,1.0,0.0,0.02,1e-09
124.70189845299319,C,-1,0.18286301130542157,0.14446970509386758,-0.12806274641900522,0.18046168786892397,0.18052673384755127,-0.12460407430076252,-0.12582147013509304,-0.17847930677205354,0.05,1.0,0.0,0.02,1e-09
124.76283875199442,C,-1,0.18286301130542157,0.14446970509386758,-0.12806274641900522,0.18046168786892397,0.18052673384755127,-0.12460407430076252,-0.12582147013509304,-0.17847930677205354,0.05,1.0,0.0,0.02,1e-09
124.80867725099961,C,-1,0.17841412239837715,0.16818899543864396,-0.1312207148722166,0.1754039563236508,0.17626740852086226,-0.12459853487491834,-0.12526582892438626,-0.18411124468399964,0.05,1.0,0.0,0.02,1e-09
124.87498546599818,C,-1,0.17841412239837715,0.16818899543864396,-0.1312207148722166,0.1754039563236508,0.17626740852086226,-0.12459853487491834,-0.12526582892438626,-0.18411124468399964,0.05,1.0,0.0,0.02,1e-09
124.90367069399508,C,-1,0.17321840675077052,0.18430912421558304,-0.1377873021704609,0.16547585250644112,0.1696527561174594,-0.13304695816339182,-0.1246093718006148,-0.196280833960842,0.05,1.0,0.0,0.02,1e-09
124.95482316299604,C,-1,0.17321840675077052,0.18430912421558304,-0.1377873021704609,0.16547585250644112,0.1696527561174594,-0.13304695816339182,-0.1246093718006148,-0.196280833960842,0.05,1.0,0.0,0.02,1e-09
125.01482235199364,C,-1,0.16648520974778794,0.18743421798280474,-0.14651477997011306,0.15302697816026642,0.16213047825515453,-0.1463553562972078,-0.12264456295417378,-0.21052694417650616,0.05,1.0,0.0,0.02,1e-09
125.05768631099636,C,3,0.16648520974778794,0.18743421798280474,-0.14651477997011306,0.15302697816026642,0.16213047825515453,-0.1463553562972078,-0.12264456295417378,-0.21052694417650616,-0.007830674673419268,-0.08096616087736083,1.0809661608773609,0.05216314951337834,0.09671540046563852
125.11512849399878,C,3,0.15822311034992928,0.18075882964678508,-0.15643538131427032,0.13859277829076513,0.153477210991762,-0.16258036474431858,-0.12055697855223452,-0.22466234601007407,0.00963211071619695,0.09762928374256746,0.9023707162574326,0.05391723860011956,0.09866005717705825
125.16110789300001,C,3,0.15822311034992928,0.18075882964678508,-0.15643538131427032,0.13859277829076513,0.153477210991762,-0.16258036474431858,-0.12055697855223452,-0.22466234601007407,0.00963211071619695,0.09762928374256746,0.9023707162574326,0.05391723860011956,0.09866005717705825
125.20763775999512,C,3,0.15265685158736517,0.1757524650389764,-0.16208413941920383,0.12708596270075578,0.14556837555839416,-0.1735628660029392,-0.12086671920744663,-0.23480328347948642,0.02239174804484488,0.22433471656783335,0.7756652834321667,0.054799441065340945,0.09981401179194734
125.25880721099384,C,3,0.15265685158736517,0.1757524650389764,-0.16208413941920383,0.12708596270075578,0.14556837555839416,-0.1735628660029392,-0.12086671920744663,-0.23480328347948642,0.02239174804484488,0.22433471656783335,0.7756652834321667,0.054799441065340945,0.09981401179194734
125.30762946499453,C,3,0.14935867386142251,0.1727852553817129,-0.16477058681722057,0.11992553222918015,0.14027813793013555,-0.17963175382953891,-0.1324831141101111,-0.2362739332466231,0.029880571774809624,0.29782255890629494,0.7021774410937051,0.05511224996935232,0.1003301156384566
125.35941995799658,C,3,0.14740888695355614,0.17103085691943953,-0.16611912996006822,0.11558738201069688,0.13694843881789173,-0.18305329820544625,-0.14963134804588396,-0.2301147507240301,0.03426488497703805,0.3407131488122086,0.6592868511877914,0.055217669691548836,0.10056813215601457
125.40692820699769,C,3,0.14740888695355614,0.17103085691943953,-0.16611912996006822,0.11558738201069688,0.13694843881789173,-0.18305329820544625,-0.14963134804588396,-0.2301147507240301,0.03426488497703805,0.3407131488122086,0.6592868511877914,0.055217669691548836,0.10056813215601457
125.45431289399858,C,1,0.14625712742441635,0.16999442193180503,-0.16683039719233259,0.112991186029412,0.13491286641790248,-0.18501380677073098,-0.1647553905698038,-0.21087659075378945,-0.005764845227727067,-0.062364038747578364,1.0623640387475783,0.05304565146986153,0.09243861275663323
125.50409766899975,C,1,0.14625712742441635,0.16999442193180503,-0.16683039719233259,0.112991186029412,0.13491286641790248,-0.18501380677073098,-0.1647553905698038,-0.21087659075378945,-0.005764845227727067,-0.062364038747578364,1.0623640387475783,0.05304565146986153,0.09243861275663323
125.55923070499557,C,1,0.14557694778656072,0.16938231557652467,-0.16719560580381326,0.11144270402230484,0.13368719010798302,-0.18614991221433008,-0.17485303826486928,-0.19035012942711999,0.003957286351029249,0.04136260232522906,0.958637397674771,0.0548230275958209,0.09567305074070516
125.60752079599479,C,1,0.14557694778656072,0.16938231557652467,-0.16719560580381326,0.11144270402230484,0.13368719010798302,-0.18614991221433008,-0.17485303826486928,-0.19035012942711999,0.003957286351029249,0.04136260232522906,0.958637397674771,0.0548230275958209,0.09567305074070516
125.66680778099544,C,1,0.14517529663078582,0.169020850927533,-0.1662486792000041,0.11435796813750074,0.13295528884739488,-0.18681311806144132,-0.1786495069548395,-0.16362109897101834,0.013876085445512576,0.1413965142858107,0.8586034857141893,0.055581488950052736,0.09813597962863684
125.70209159199294,C,1,0.14517529663078582,0.169020850927533,-0.1662486792000041,0.11435796813750074,0.13295528884739488,-0.18681311806144132,-0.1786495069548395,-0.16362109897101834,0.013876085445512576,0.1413965142858107,0.8586034857141893,0.055581488950052736,0.09813597962863684
125.75491645500006,C,1,0.1449381245653308,0.1688074047747849,-0.16445896238614063,0.12368162250616199,0.13252028899738638,-0.1872020380618529,-0.1769308412990395,-0.13958437003315777,0.021617155391936732,0.2176342774040789,0.7823657225959211,0.055379416426853845,0.09932789838891244
125.82279786299478,C,1,0.1449381245653308,0.1688074047747849,-0.16445896238614063,0.12368162250616199,0.13252028899738638,-0.1872020380618529,-0.1769308412990395,-0.13958437003315777,0.021617155391936732,0.2176342774040789,0.7823657225959211,0.055379416426853845,0.09932789838891244
125.86327069799881,C,-1,0.14479807709026907,0.16868136582067128,-0.1702952297051659,0.14193722250019397,0.13226244759091202,-0.18743074552147515,-0.1738747129796825,-0.1255006192315881,0.05,1.0,0.0,0.02,1e-09
125.9150937739978,C,-1,0.14471538067002881,0.1686069407942619,-0.16911574564884962,0.16261618466976857,0.13210985467329395,-0.1875654639944171,-0.17124333148010235,-0.11769752865331236,0.05,1.0,0.0,0.02,1e-09
125.95618068499607,C,-1,0.14471538067002881,0.1686069407942619,-0.16911574564884962,0.16261618466976857,0.13210985467329395,-0.1875654639944171,-0.17124333148010235,-0.11769752865331236,0.05,1.0,0.0,0.02,1e-09
126.00779263799632,C,-1,0.14603398535357182,0.16511135270099364,-0.16275130563378837,0.18211519697873657,0.13154495033757227,-0.19144993350760053,-0.16759286125228884,-0.11652650901137393,0.05,1.0,0.0,0.02,1e-09
126.06276187999902,C,-1,0.14603398535357182,0.16511135270099364,-0.16275130563378837,0.18211519697873657,0.13154495033757227,-0.19144993350760053,-0.16759286125228884,-0.11652650901137393,0.05,1.0,0.0,0.02,1e-09
126.10813570799655,C,-1,0.15025950539080318,0.1550125065719622,-0.150501777860493,0.19949777592224488,0.13015282393317432,-0.20276602288055803,-0.16156977077028647,-0.12358867540250325,0.05,1.0,0.0,0.02,1e-09
126.17074391499773,C,-1,0.15025950539080318,0.1550125065719622,-0.150501777860493,0.19949777592224488,0.13015282393317432,-0.20276602288055803,-0.16156977077028647,-0.12358867540250325,0.05,1.0,0.0,0.02,1e-09
126.2021727149986,C,-1,0.15628695666857428,0.14135775117622712,-0.1399165963230334,0.20203669682288292,0.12815642236542032,-0.21780123545985908,-0.154776091092851,-0.13525322346511723,0.05,1.0,0.0,0.02,1e-09
126.26712158299779,C,-1,0.15628695666857428,0.14135775117622712,-0.1399165963230334,0.20203669682288292,0.12815642236542032,-0.21780123545985908,-0.154776091092851,-0.13525322346511723,0.05,1.0,0.0,0.02,1e-09
126.31560164399707,C,2,0.16338776752234602,0.12463908764049877,-0.13467246011913223,0.19517862645538409,0.1257406158710032,-0.23389728942582327,-0.14694029430003572,-0.1502474062340221,0.01503756629879934,0.1544707343596323,0.8455292656403677,0.051911564651037766,0.09734896620475376
126.36691715099732,C,2,0.16338776752234602,0.12463908764049877,-0.13467246011913223,0.19517862645538409,0.1257406158710032,-0.23389728942582327,-0.14694029430003572,-0.1502474062340221,0.01503756629879934,0.1544707343596323,0.8455292656403677,0.051911564651037766,0.09734896620475376
126.40734401499503,C,2,0.16794766957789461,0.11027847878296448,-0.1318236563495807,0.18941326359690303,0.12467076872145327,-0.2461598749152239,-0.13946662985114325,-0.16224772914011415,0.02889081495429552,0.29228132405384155,0.7077186759461584,0.05301135356656635,0.0988459151395301
126.457399643994,C,2,0.16794766957789461,0.11027847878296448,-0.1318236563495807,0.18941326359690303,0.12467076872145327,-0.2461598749152239,-0.13946662985114325,-0.16224772914011415,0.02889081495429552,0.29228132405384155,0.7077186759461584,0.05301135356656635,0.0988459151395301
126.5070473359956,C,2,0.16969761929414096,0.10136558754395171,-0.1300822692678554,0.18601578341226638,0.1328257364562307,-0.24919965735613592,-0.13420556958987553,-0.16893391228467958,0.0370376575079846,0.3723315689895597,0.6276684310104403,0.05337790920051394,0.09947493200347765
126.55630148699856,C,2,0.16969761929414096,0.10136558754395171,-0.1300822692678554,0.18601578341226638,0.1328257364562307,-0.24919965735613592,-0.13420556958987553,-0.16893391228467958,0.0370376575079846,0.3723315689895597,0.6276684310104403,0.05337790920051394,0.09947493200347765
126.60339089499757,C,2,0.17038176170632144,0.09600614569541299,-0.12903415626367232,0.18401336197386886,0.14875474334666028,-0.24370267541086188,-0.13082959473820563,-0.17269628307318924,0.0417789203645501,0.4188889432853198,0.5811110567146802,0.05348127868132923,0.0997374627195472
126.65899360599724,C,2,0.17038176170632144,0.09600614569541299,-0.12903415626367232,0.18401336197386886,0.14875474334666028,-0.24370267541086188,-0.13082959473820563,-0.17269628307318924,0.0417789203645501,0.4188889432853198,0.5811110567146802,0.05348127868132923,0.0997374627195472
126.7151591399961,C,0,0.1706615905805092,0.09281439026582422,-0.1284085072594359,0.18283253666628324,0.16700615729236956,-0.23076130384108245,-0.12874529512603675,-0.17484792479713043,0.0017755524036258054,0.01958302652826097,0.9804169734717391,0.052901673463566536,0.0906679261790021
126.76273361199856,C,0,0.1706615905805092,0.09281439026582422,-0.1284085072594359,0.18283253666628324,0.16700615729236956,-0.23076130384108245,-0.12874529512603675,-0.17484792479713043,0.0017755524036258054,0.01958302652826097,0.9804169734717391,0.052901673463566536,0.0906679261790021
126.80540871399717,C,0,0.17073148487990464,0.0909230062103497,-0.12803675012118154,0.18213587982148363,0.18001192271562622,-0.20568827998338982,-0.12748355889618107,-0.1760929877143126,0.013024916031039838,0.13746910468948426,0.8625308953105157,0.0550686931470937,0.09474795126119842
126.86135522199766,C,0,0.17073148487990464,0.0909230062103497,-0.12803675012118154,0.18213587982148363,0.18001192271562622,-0.20568827998338982,-0.12748355889618107,-0.1760929877143126,0.013024916031039838,0.13746910468948426,0.8625308953105157,0.0550686931470937,0.09474795126119842
126.9073370049955,C,0,0.17031802516073777,0.09279212778951114,-0.12781643050626607,0.18172473468248312,0.1868042000106737,-0.17623690130314834,-0.1267278626328326,-0.17681909414747476,0.02396474553484231,0.24486946139003596,0.755130538609964,0.05620780997879171,0.09786743270803577
126.95734403599636,C,0,0.17031802516073777,0.09279212778951114,-0.12781643050626607,0.18172473468248312,0.1868042000106737,-0.17623690130314834,-0.1267278626328326,-0.17681909414747476,0.02396474553484231,0.24486946139003596,0.755130538609964,0.05620780997879171,0.09786743270803577
127.01601167599438,C,0,0.1732958620202296,0.10311497075560125,-0.12768605631639904,0.1814820379960132,0.18740425988066656,-0.1481896737676236,-0.12627794799553962,-0.17724463945420377,0.03308703376583389,0.3320800658208717,0.6679199341791283,0.05628354437281264,0.09963571189991714
127.0653661979959,C,0,0.1732958620202296,0.10311497075560125,-0.12768605631639904,0.1814820379960132,0.18740425988066656,-0.1481896737676236,-0.12627794799553962,-0.17724463945420377,0.03308703376583389,0.3320800658208717,0.6679199341791283,0.05628354437281264,0.09963571189991714
127.10535642499599,C,0,0.1732958620202296,0.10311497075560125,-0.12768605631639904,0.1814820379960132,0.18740425988066656,-0.1481896737676236,-0.12627794799553962,-0.17724463945420377,0.03308703376583389,0.3320800658208717,0.6679199341791283,0.05628354437281264,0.09963571189991714
127.15613605699764,C,-1,0.18217513514595055,0.12407630942779366,-0.12760897517125921,0.18133875656355627,0.18510115648644118,-0.1315813909590138,-0.12601100006235536,-0.17749479043352678,0.05,1.0,0.0,0.02,1e-09
127.20695217799948,C,-1,0.18217513514595055,0.12407630942779366,-0.12760897517125921,0.18133875656355627,0.18510115648644118,-0.1315813909590138,-0.12601100006235536,-0.17749479043352678,0.05,1.0,0.0,0.02,1e-09
127.2630785509973,C,-1,0.18274281978935009,0.15056002474599314,-0.12888751885848515,0.1791219750412202,0.18120954804378417,-0.12477317490334736,-0.1256389602108626,-0.17999133121025435,0.05,1.0,0.0,0.02,1e-09
127.31702238499565,C,-1,0.17683308715711887,0.17407396112212029,-0.1340220073879731,0.17112378775691361,0.17449913319940302,-0.12893156970436626,-0.1250394934969741,-0.18968455001992468,0.05,1.0,0.0,0.02,1e-09
127.35289534399635,C,-1,0.17683308715711887,0.17407396112212029,-0.1340220073879731,0.17112378775691361,0.17449913319940302,-0.12893156970436626,-0.1250394934969741,-0.18968455001992468,0.05,1.0,0.0,0.02,1e-09
127.40954293899995,C,-1,0.17126361401316478,0.18600988405911395,-0.14095530855884794,0.16084375484771626,0.1674215012398842,-0.1383036420728968,-0.12379225588261566,-0.2019269758681373,0.05,1.0,0.0,0.02,1e-09
127.44979281899577,C,-1,0.17126361401316478,0.18600988405911395,-0.14095530855884794,0.16084375484771626,0.1674215012398842,-0.1383036420728968,-0.12379225588261566,-0.2019269758681373,0.05,1.0,0.0,0.02,1e-09
127.50710303599772,C,-1,0.1643016402366269,0.1863938256806671,-0.14931174968298622,0.1488232231734991,0.1599080892282391,-0.15118981700610656,-0.12139192502113255,-0.21478816280181307,0.05,1.0,0.0,0.02,1e-09
127.55227080599434,C,3,0.1643016402366269,0.1863938256806671,-0.14931174968298622,0.1488232231734991,0.1599080892282391,-0.15118981700610656,-0.12139192502113255,-0.21478816280181307,-0.0028400700376108785,-0.029132929772669035,1.029132929772669,0.0528528411029397,0.09748659196903983
127.60195532799844,C,3,0.1569342852932472,0.18009910473836016,-0.15784239610069065,0.13546759748415838,0.1514599134568542,-0.16557631457667654,-0.11961336298311627,-0.2273573686587853,0.013013898117110585,0.13128985178056632,0.8687101482194337,0.05428311593255851,0.09912341236291135
127.65533545999642,C,3,0.1569342852932472,0.18009910473836016,-0.15784239610069065,0.13546759748415838,0.1514599134568542,-0.16557631457667654,-0.11961336298311627,-0.2273573686587853,0.013013898117110585,0.13128985178056632,0.8687101482194337,0.05428311593255851,0.09912341236291135
127.70352695799374,C,3,0.15189790753177745,0.1753485749093962,-0.1627054959454557,0.1251332944313018,0.14417791391030896,-0.17520392373620963,-0.1227652687882607,-0.23560149420323667,0.024371940664213578,0.24364057550296703,0.756359424497033,0.05494867376318231,0.100032355505238
127.77890874799778,C,3,0.15189790753177745,0.1753485749093962,-0.1627054959454557,0.1251332944313018,0.14417791391030896,-0.17520392373620963,-0.1227652687882607,-0.23560149420323667,0.024371940664213578,0.24364057550296703,0.756359424497033,0.05494867376318231,0.100032355505238
127.80467331399996,C,3,0.14891172887644846,0.17254217919018489,-0.16506053648070954,0.11874168672112323,0.1393913525180259,-0.18054983534638452,-0.13504771128787757,-0.23584974878212467,0.031035982989766033,0.3090116132115266,0.6909883867884734,0.05517444937349766,0.10043629968211287
127.86032065299514,C,3,0.14891172887644846,0.17254217919018489,-0.16506053648070954,0.11874168672112323,0.1393913525180259,-0.18054983534638452,-0.13504771128787757,-0.23584974878212467,0.031035982989766033,0.3090116132115266,0.6909883867884734,0.05517444937349766,0.10043629968211287
127.91880574099923,C,3,0.14714548710689834,0.17088581085218246,-0.16626280282072076,0.11487901491119723,0.13640275019662024,-0.1835764052194142,-0.15212435133614396,-0.2287938401058186,0.03494063087803758,0.34724580939812777,0.6527541906018722,0.05524486535448585,0.10062218155663066
127.95751984699746,C,1,0.14714548710689834,0.17088581085218246,-0.16626280282072076,0.11487901491119723,0.13640275019662024,-0.1835764052194142,-0.15212435133614396,-0.2287938401058186,-0.015361504441497744,-0.17295046421292132,1.1729504642129214,0.050893098399637945,0.08882025562293963
128.01522766099515,C,1,0.14610179248372646,0.16990826429377445,-0.16690675552284095,0.11257017340564333,0.1345831443587418,-0.18531581782529166,-0.16793184739757222,-0.2081354170663925,-0.0038170839183130603,-0.04095782736340169,1.0409578273634017,0.05359887966994105,0.09319546870603436
128.05518767600006,C,1,0.14548529788838985,0.16933126642407215,-0.16714237329341952,0.11117736383866098,0.13348991852843475,-0.18632579786632164,-0.17741516877532648,-0.18454143581511648,0.006667065299440016,0.06907299127025533,0.9309270087297447,0.055298497361562005,0.09652202947682435
128.10349867299374,C,1,0.14548529788838985,0.16933126642407215,-0.16714237329341952,0.11117736383866098,0.13348991852843475,-0.18632579786632164,-0.17741516877532648,-0.18454143581511648,0.006667065299440016,0.06907299127025533,0.9309270087297447,0.055298497361562005,0.09652202947682435
128.16333251999458,C,1,0.14548529788838985,0.16933126642407215,-0.16714237329341952,0.11117736383866098,0.13348991852843475,-0.18632579786632164,-0.17741516877532648,-0.18454143581511648,0.006667065299440016,0.06907299127025533,0.9309270087297447,0.055298497361562005,0.09652202947682435
128.2080817859969,C,1,0.14512120487048033,0.16899064703321287,-0.16561921722003167,0.11585155145613471,0.13283791296713515,-0.1869161126402159,-0.17893199563921092,-0.15749156725560098,0.0160488006636433,0.16280196289283022,0.8371980371071698,0.05566122410792406,0.09857866808527335
128.25464672999806,C,1,0.1449061933642208,0.16878954895429904,-0.16812936699151737,0.12885098828646174,0.13245067151264092,-0.18726255191751057,-0.1765570633395721,-0.1357078217810616,0.022891733825436324,0.2300927791373697,0.7699072208626303,0.0553324971237682,0.09948914481914067
128.30651333199785,C,1,0.1449061933642208,0.16878954895429904,-0.16812936699151737,0.12885098828646174,0.13245067151264092,-0.18726255191751057,-0.1765570633395721,-0.1357078217810616,0.022891733825436324,0.2300927791373697,0.7699072208626303,0.0553324971237682,0.09948914481914067
128.36690781499783,C,-1,0.1449061933642208,0.16878954895429904,-0.16812936699151737,0.12885098828646174,0.13245067151264092,-0.18726255191751057,-0.1765570633395721,-0.1357078217810616,0.05,1.0,0.0,0.02,1e-09
128.41825857199728,C,-1,0.14477922536209473,0.16867081494374564,-0.17110027619647206,0.14856863190582437,0.13222123206651365,-0.18746637212381836,-0.1733773670293932,-0.12335330420949472,0.05,1.0,0.0,0.02,1e-09
128.4562543669963,C,-1,0.1460678074218731,0.16511985998240297,-0.16671072562014727,0.17167323388261713,0.13153841960490784,-0.19117256767494117,-0.16890831674051351,-0.11974981210309697,0.05,1.0,0.0,0.02,1e-09
128.50699236999935,C,-1,0.1460678074218731,0.16511985998240297,-0.16671072562014727,0.17167323388261713,0.13153841960490784,-0.19117256767494117,-0.16890831674051351,-0.11974981210309697,0.05,1.0,0.0,0.02,1e-09
128.56702482199762,C,-1,0.14991830291375124,0.1557359517416728,-0.15590406193137132,0.193391873256143,0.13034209264345073,-0.20170204557243152,-0.16255984485661693,-0.12474403308225185,0.05,1.0,0.0,0.02,1e-09
128.6050513049995,C,-1,0.14991830291375124,0.1557359517416728,-0.15590406193137132,0.193391873256143,0.13034209264345073,-0.20170204557243152,-0.16255984485661693,-0.12474403308225185,0.05,1.0,0.0,0.02,1e-09
128.66083530999458,C,-1,0.15526061009829756,0.1432972939668693,-0.14350707141163965,0.20068575079015927,0.1281538034068447,-0.21535482551112572,-0.15582763577052236,-0.13437568469224104,0.05,1.0,0.0,0.02,1e-09
128.70790623599896,C,-1,0.15526061009829756,0.1432972939668693,-0.14350707141163965,0.20068575079015927,0.1281538034068447,-0.21535482551112572,-0.15582763577052236,-0.13437568469224104,0.05,1.0,0.0,0.02,1e-09
128.76199209499464,C,2,0.16173919677334686,0.12893969034602662,-0.13654314876965998,0.19584598202897496,0.12497521635267697,-0.22922250083088014,-0.14908666681773874,-0.14696323250987658,0.01093929617624084,0.11293865390205612,0.8870613460979438,0.05154658843182979,0.09686051496352821
128.8229376839954,C,2,0.16173919677334686,0.12893969034602662,-0.13654314876965998,0.19584598202897496,0.12497521635267697,-0.22922250083088014,-0.14908666681773874,-0.14696323250987658,0.01093929617624084,0.11293865390205612,0.8870613460979438,0.05154658843182979,0.09686051496352821
128.85333652499685,C,2,0.1671972170808248,0.11382970366878409,-0.13291083889227676,0.18983294440671766,0.12247128811958805,-0.24088271174789572,-0.14153731559194752,-0.15982583022206087,0.02572068714881788,0.2611031681708735,0.7388968318291265,0.05279552764655241,0.09850775587673266
128.91538903099718,C,2,0.1671972170808248,0.11382970366878409,-0.13291083889227676,0.18983294440671766,0.12247128811958805,-0.24088271174789572,-0.14153731559194752,-0.15982583022206087,0.02572068714881788,0.2611031681708735,0.7388968318291265,0.05279552764655241,0.09850775587673266
128.95906768999703,C,2,0.16944382906456754,0.10351446522835517,-0.13071781034824723,0.18627213830554673,0.1261331077381489,-0.24523301997120245,-0.13555802751121512,-0.1676052516068553,0.035207166195726704,0.3544311022447456,0.6455688977552544,0.05331049130841499,0.09933430213304212
129.00922843799344,C,2,0.16944382906456754,0.10351446522835517,-0.13071781034824723,0.18627213830554673,0.1261331077381489,-0.24523301997120245,-0.13555802751121512,-0.1676052516068553,0.035207166195726704,0.3544311022447456,0.6455688977552544,0.05331049130841499,0.09933430213304212
129.0627531259961,C,2,0.17029958324515262,0.09728837843895152,-0.12940712452570718,0.18416763171838216,0.1388188236778801,-0.24170399174076623,-0.13167113758944904,-0.17195039773430879,0.04071745915655014,0.40849305512543044,0.5915069448745696,0.05346382897475243,0.09967723721532445
129.1075676469991,C,2,0.17029958324515262,0.09728837843895152,-0.12940712452570718,0.18416763171838216,0.1388188236778801,-0.24170399174076623,-0.13167113758944904,-0.17195039773430879,0.04071745915655014,0.40849305512543044,0.5915069448745696,0.05346382897475243,0.09967723721532445
129.15486769299605,C,0,0.17063694886542524,0.09357518302531358,-0.12862792060617578,0.18292462370760088,0.15667497549484502,-0.2299665827514702,-0.1292566708444288,-0.1744216274902135,-0.0018339534345996366,-0.020643051752098886,1.0206430517520988,0.05110576291100652,0.08884119734928093
129.21848248399328,C,0,0.17074613034637012,0.09137263032715626,-0.12816602240441824,0.18219059876814062,0.1685699558129186,-0.20668833507306805,-0.12779044963070388,-0.17584632553612298,0.008629948556724705,0.0931480268948588,0.9068519731051412,0.0530481923157652,0.09264767966009406
129.26235740999982,C,0,0.17074613034637012,0.09137263032715626,-0.12816602240441824,0.18219059876814062,0.1685699558129186,-0.20668833507306805,-0.12779044963070388,-0.17584632553612298,0.008629948556724705,0.0931480268948588,0.9068519731051412,0.0530481923157652,0.09264767966009406
129.3154288029982,C,0,0.17074613034637012,0.09137263032715626,-0.12816602240441824,0.18219059876814062,0.1685699558129186,-0.20668833507306805,-0.12779044963070388,-0.17584632553612298,0.008629948556724705,0.0931480268948588,0.9068519731051412,0.0530481923157652,0.09264767966009406
129.35604818299907,C,0,0.17047821120369824,0.09305541373834544,-0.12789266308543745,0.18175716435487949,0.1778837512580645,-0.18185599892428422,-0.126910773587309,-0.17667523435041338,0.019098556252202283,0.19901606930170015,0.8009839306982999,0.054621572857119924,0.09596489529320197
129.41782776199398,C,0,0.17016421856979833,0.10212379638853653,-0.12773103539480143,0.18150122860861584,0.18204618026649658,-0.15402093151199012,-0.1263865412140207,-0.17716032186661335,0.02927428369219907,0.29752640325406043,0.7024735967459396,0.05532703443958773,0.09839222123490499
129.4533957609965,C,0,0.17016421856979833,0.10212379638853653,-0.12773103539480143,0.18150122860861584,0.18204618026649658,-0.15402093151199012,-0.1263865412140207,-0.17716032186661335,0.02927428369219907,0.29752640325406043,0.7024735967459396,0.05532703443958773,0.09839222123490499
129.5053657709941,C,0,0.17016421856979833,0.10212379638853653,-0.12773103539480143,0.18150122860861584,0.18204618026649658,-0.15402093151199012,-0.1263865412140207,-0.17716032186661335,0.02927428369219907,0.29752640325406043,0.7024735967459396,0.05532703443958773,0.09839222123490499
129.55584437599464,C,0,0.1790268574923257,0.11873287957250252,-0.12763552247402574,0.18135010278083213,0.1824391113939574,-0.13521458297071776,-0.12607532662224408,-0.17744522258104567,0.03571718864224757,0.35901660741519525,0.6409833925848047,0.055379713117799004,0.09948617391100625
129.6150907649935,C,-1,0.18341920688115662,0.14071333982185374,-0.12757909752995625,0.18126086517597245,0.18128503828495116,-0.12447997758762006,-0.1258909806464233,-0.17761291440577942,0.05,1.0,0.0,0.02,1e-09
129.65664429299795,C,-1,0.18341920688115662,0.14071333982185374,-0.12757909752995625,0.18126086517597245,0.18128503828495116,-0.12447997758762006,-0.1258909806464233,-0.17761291440577942,0.05,1.0,0.0,0.02,1e-09
129.71065424699918,C,-1,0.18086544104246452,0.16462374580190037,-0.12863821089381444,0.17927417317471284,0.17883864689243723,-0.1204389222105898,-0.12560686043888858,-0.18017051402115364,0.05,1.0,0.0,0.02,1e-09
129.756316616993,C,-1,0.18086544104246452,0.16462374580190037,-0.12863821089381444,0.17927417317471284,0.17883864689243723,-0.1204389222105898,-0.12560686043888858,-0.18017051402115364,0.05,1.0,0.0,0.02,1e-09
129.80289615799848,C,-1,0.17508034959126326,0.1832831403986836,-0.1328366986048474,0.17268959988755048,0.17406288826484526,-0.12455846186770062,-0.12502061650566973,-0.18809244093563038,0.05,1.0,0.0,0.02,1e-09
129.858381207996,C,-1,0.17508034959126326,0.1832831403986836,-0.1328366986048474,0.17268959988755048,0.17406288826484526,-0.12455846186770062,-0.12502061650566973,-0.18809244093563038,0.05,1.0,0.0,0.02,1e-09
129.91493336699932,C,-1,0.1696600379320615,0.19131719753748275,-0.14023740241055743,0.1620012988356891,0.1674894165390279,-0.13552998727562876,-0.1239939866004324,-0.20112826558960623,0.05,1.0,0.0,0.02,1e-09
129.959068199998,C,-1,0.1696600379320615,0.19131719753748275,-0.14023740241055743,0.1620012988356891,0.1674894165390279,-0.13552998727562876,-0.1239939866004324,-0.20112826558960623,0.05,1.0,0.0,0.02,1e-09
130.01068390699947,C,3,0.162052414604178,0.18721048928633469,-0.15012451399223947,0.14855844713166347,0.15976221129631982,-0.15120082686493402,-0.12161665175343417,-0.21563439561627568,-0.002400763223175365,-0.02465736568737445,1.0246573656873745,0.05277784212178809,0.09736495186120597
130.06286215699947,C,3,0.162052414604178,0.18721048928633469,-0.15012451399223947,0.14855844713166347,0.15976221129631982,-0.15120082686493402,-0.12161665175343417,-0.21563439561627568,-0.002400763223175365,-0.02465736568737445,1.0246573656873745,0.05277784212178809,0.09736495186120597
130.1062698099995,C,3,0.15515181222580332,0.1796778486734965,-0.1587437986232617,0.13469897828949287,0.15108498756319302,-0.16628137084369438,-0.11929004002936869,-0.22695460310413862,0.013994922151080797,0.1413583584939219,0.8586416415060781,0.05420607967992021,0.09900314562355751
130.1627628119968,C,3,0.15515181222580332,0.1796778486734965,-0.1587437986232617,0.13469897828949287,0.15108498756319302,-0.16628137084369438,-0.11929004002936869,-0.22695460310413862,0.013994922151080797,0.1413583584939219,0.8586416415060781,0.05420607967992021,0.09900314562355751
130.2068203739982,C,3,0.15086479566180333,0.175083730235562,-0.16318887378633376,0.12461889112343263,0.14391265439753778,-0.17559808536000238,-0.12246074096013965,-0.23220013549363366,0.024964497278731342,0.24975390054647112,0.7502460994535289,0.05489103615306799,0.09995638596277401
130.25600840699917,C,3,0.15086479566180333,0.175083730235562,-0.16318887378633376,0.12461889112343263,0.14391265439753778,-0.17559808536000238,-0.12246074096013965,-0.23220013549363366,0.024964497278731342,0.24975390054647112,0.7502460994535289,0.05489103615306799,0.09995638596277401
130.31477960399934,C,3,0.14830888203494236,0.172380522569842,-0.16532698855647018,0.11841827168993926,0.13922002477760362,-0.18077356096869707,-0.13732616020871513,-0.22868934846838146,0.031388570532020536,0.31266926970142733,0.6873307302985727,0.055135666623994994,0.10038904866472474
130.36087650199624,C,3,0.14830888203494236,0.172380522569842,-0.16532698855647018,0.11841827168993926,0.13922002477760362,-0.18077356096869707,-0.13732616020871513,-0.22868934846838146,0.031388570532020536,0.31266926970142733,0.6873307302985727,0.055135666623994994,0.10038904866472474
130.41120230399974,C,-1,0.14679210713901777,0.1707885894400184,-0.16641314587395553,0.11468151191108501,0.13629660149125314,-0.1837051082298672,-0.15350830786492756,-0.21930694975727588,0.05,1.0,0.0,0.02,1e-09
130.45549345499603,C,1,0.14679210713901777,0.1707885894400184,-0.16641314587395553,0.11468151191108501,0.13629660149125314,-0.1837051082298672,-0.15350830786492756,-0.21930694975727588,-0.012137144822124668,-0.13504578917337998,1.13504578917338,0.05118017729586839,0.0898742929817846
130.5067827439998,C,1,0.14589404758703303,0.169850255690702,-0.16699176166155727,0.112451125098471,0.13451875919659503,-0.18539057631440994,-0.16323715754551016,-0.19738143070095382,-0.0022309449984735472,-0.023936760970227684,1.0239367609702277,0.052819330085607796,0.09320162411482387
130.5542930179945,C,1,0.1453629518542519,0.16929680671977065,-0.1669201343809882,0.11312950183611056,0.13345131182389658,-0.18636949924700136,-0.17163514751930992,-0.17368674432009668,0.008157057145198154,0.084697540021914,0.915302459978086,0.05433002320318127,0.0963080762804641
130.60496769599558,C,1,0.1453629518542519,0.16929680671977065,-0.1669201343809882,0.11312950183611056,0.13345131182389658,-0.18636949924700136,-0.17163514751930992,-0.17368674432009668,0.008157057145198154,0.084697540021914,0.915302459978086,0.05433002320318127,0.0963080762804641
130.6591656859964,C,1,0.14504907491005328,0.1689702276676212,-0.1648590154032537,0.12035379660106064,0.13281491252085395,-0.18694176131842005,-0.17298585812334671,-0.14950000487174303,0.016762950935730825,0.1708996288594454,0.8291003711405546,0.05464811452097359,0.09808652627044227
130.71158033799293,C,1,0.14504907491005328,0.1689702276676212,-0.1648590154032537,0.12035379660106064,0.13281491252085395,-0.18694176131842005,-0.17298585812334671,-0.14950000487174303,0.016762950935730825,0.1708996288594454,0.8291003711405546,0.05464811452097359,0.09808652627044227
130.77479162799864,C,1,0.1448636412944809,0.1687774668073382,-0.16555191812689288,0.13351859815610562,0.13243701929714713,-0.18727764217953477,-0.1723871009543854,-0.131299169484472,0.023070580151868098,0.23294053792777944,0.7670594620722205,0.054614904339078355,0.09904064083092685
130.81226845699712,C,1,0.1448636412944809,0.1687774668073382,-0.16555191812689288,0.13351859815610562,0.13243701929714713,-0.18727764217953477,-0.1723871009543854,-0.131299169484472,0.023070580151868098,0.23294053792777944,0.7670594620722205,0.054614904339078355,0.09904064083092685
130.85897500499414,C,-1,0.14475411275026537,0.16866367196492044,-0.17062855173040178,0.15566159704337168,0.13221314598558265,-0.18747526349460553,-0.17065177549392027,-0.12104525852025458,0.05,1.0,0.0,0.02,1e-09
130.90694976899977,C,-1,0.14475411275026537,0.16866367196492044,-0.17062855173040178,0.15566159704337168,0.13221314598558265,-0.18747526349460553,-0.17065177549392027,-0.12104525852025458,0.05,1.0,0.0,0.02,1e-09
130.9630058229959,C,-1,0.1456149310955639,0.16620623159347603,-0.16721203462551323,0.17860007529849325,0.13169336913958435,-0.1900559317564932,-0.1678493965653757,-0.1174375986752895,0.05,1.0,0.0,0.02,1e-09
131.00171160399623,C,-1,0.1456149310955639,0.16620623159347603,-0.16721203462551323,0.17860007529849325,0.13169336913958435,-0.1900559317564932,-0.1678493965653757,-0.1174375986752895,0.05,1.0,0.0,0.02,1e-09
131.0609656289962,C,-1,0.1490346107427882,0.15777789611863957,-0.15646242338039607,0.20085380503407335,0.13059147131287197,-0.199590097394251,-0.162638257801472,-0.12199627522921921,0.05,1.0,0.0,0.02,1e-09
131.10461015999317,C,-1,0.154453714999393,0.14522998614394167,-0.1438045355108179,0.2067815075755214,0.12860987606906782,-0.21325275462502563,-0.15625961152810633,-0.13203342879452798,0.05,1.0,0.0,0.02,1e-09
131.1714838409971,C,-1,0.154453714999393,0.14522998614394167,-0.1438045355108179,0.2067815075755214,0.12860987606906782,-0.21325275462502563,-0.15625961152810633,-0.13203342879452798,0.05,1.0,0.0,0.02,1e-09
131.2041363649987,C,-1,0.16157268128734234,0.13007663490417784,-0.13699962194882226,0.19883574972672402,0.12489999913100869,-0.22751120392742635,-0.14957097663653482,-0.1457743849676008,0.05,1.0,0.0,0.02,1e-09
131.25559952599724,C,2,0.16157268128734234,0.13007663490417784,-0.13699962194882226,0.19883574972672402,0.12489999913100869,-0.22751120392742635,-0.14957097663653482,-0.1457743849676008,0.009854008800615929,0.10134083973189723,0.8986591602681028,0.051877718427328426,0.09723630499495813
131.30441657399933,C,2,0.16703641488682092,0.11492593035756843,-0.1332461066234723,0.19158726856884412,0.12301274124556352,-0.24102526199989321,-0.14211707546402727,-0.15878428052832055,0.02467817419117743,0.25013786978978897,0.7498621302102111,0.052945256285455794,0.09865828877457256
131.35289855999872,C,2,0.16703641488682092,0.11492593035756843,-0.1332461066234723,0.19158726856884412,0.12301274124556352,-0.24102526199989321,-0.14211707546402727,-0.15878428052832055,0.02467817419117743,0.25013786978978897,0.7498621302102111,0.052945256285455794,0.09865828877457256
131.4074941029976,C,2,0.16941294794744752,0.1041744968034631,-0.13093800166706573,0.18730276510798932,0.12516874636596173,-0.2483374165391699,-0.13596129272086765,-0.1670215959835164,0.034602081590912,0.34797132879930115,0.6520286712006989,0.053419617905940804,0.0994394616082562
131.45821301999968,C,2,0.16941294794744752,0.1041744968034631,-0.13093800166706573,0.18730276510798932,0.12516874636596173,-0.2483374165391699,-0.13596129272086765,-0.1670215959835164,0.034602081590912,0.34797132879930115,0.6520286712006989,0.053419617905940804,0.0994394616082562
131.51114251599938,C,2,0.17030415380439168,0.09768079234963026,-0.12954474022417067,0.18477407769289494,0.13632646694945585,-0.24767188971253784,-0.1319297251700085,-0.1716183811483329,0.04036587840428949,0.4046883764579261,0.5953116235420739,0.053535800399044674,0.09974558389246492
131.55881155899988,C,2,0.17030415380439168,0.09768079234963026,-0.12954474022417067,0.18477407769289494,0.13632646694945585,-0.24767188971253784,-0.1319297251700085,-0.1716183811483329,0.04036587840428949,0.4046883764579261,0.5953116235420739,0.053535800399044674,0.09974558389246492
131.6108967839973,C,2,0.1706476720111318,0.09380746012850842,-0.12871179707845667,0.1832819233185729,0.15580808257554954,-0.23733735000276562,-0.12941631644032753,-0.17423031606542325,0.04372297289772404,0.43781239413557677,0.5621876058644233,0.05354385533336667,0.09986691442130441
131.651340092998,C,-1,0.1706476720111318,0.09380746012850842,-0.12871179707845667,0.1832819233185729,0.15580808257554954,-0.23733735000276562,-0.12941631644032753,-0.17423031606542325,0.05,1.0,0.0,0.02,1e-09
131.70337482399918,C,-1,0.17078607573567517,0.09150921626501954,-0.12821645588406577,0.18240128947927098,0.17050889448902332,-0.21416348702933702,-0.1278871024856971,-0.17573507961218987,0.05,1.0,0.0,0.02,1e-09
131.7594722549984,C,-1,0.17078607573567517,0.09150921626501954,-0.12821645588406577,0.18240128947927098,0.17050889448902332,-0.21416348702933702,-0.1278871024856971,-0.17573507961218987,0.05,1.0,0.0,0.02,1e-09
131.81492474499828,C,-1,0.17084519964848716,0.09014877796894671,-0.12792275778366116,0.18188147115184128,0.1822239443898501,-0.1872818353570635,-0.12696866867223694,-0.1766101589714586,0.05,1.0,0.0,0.02,1e-09
131.85308715699648,C,-1,0.17084519964848716,0.09014877796894671,-0.12792275778366116,0.18188147115184128,0.1822239443898501,-0.1872818353570635,-0.12696866867223694,-0.1766101589714586,0.05,1.0,0.0,0.02,1e-09
131.90794120599458,C,-1,0.17087220546810608,0.08934439203286501,-0.12774891528248597,0.18157459377130422,0.185388825555141,-0.1588495345642789,-0.1264210127220587,-0.1771221125835869,0.05,1.0,0.0,0.02,1e-09
131.96276241499436,C,-1,0.17087220546810608,0.08934439203286501,-0.12774891528248597,0.18157459377130422,0.185388825555141,-0.1588495345642789,-0.1264210127220587,-0.1771221125835869,0.05,1.0,0.0,0.02,1e-09
132.01220850199752,C,-1,0.1708853904098908,0.08886906238868225,-0.12764611837124984,0.1813934112075856,0.18489276905013594,-0.13763527080110619,-0.1260957807260758,-0.1774227366739891,0.05,1.0,0.0,0.02,1e-09
132.05319678899832,C,-1,0.1708853904098908,0.08886906238868225,-0.12764611837124984,0.1813934112075856,0.18489276905013594,-0.13763527080110619,-0.1260957807260758,-0.1774227366739891,0.05,1.0,0.0,0.02,1e-09
132.13479754499713,C,-1,0.17089221204101132,0.08858826827039698,-0.1275853675222481,0.18128643380316117,0.1828700259213291,-0.12575764900284558,-0.12590309305653366,-0.17759966344428596,0.05,1.0,0.0,0.02,1e-09
132.1528631149995,C,-1,0.17089221204101132,0.08858826827039698,-0.1275853675222481,0.18128643380316117,0.1828700259213291,-0.12575764900284558,-0.12590309305653366,-0.17759966344428596,0.05,1.0,0.0,0.02,1e-09
132.20346742399852,C,-1,0.17089590383633727,0.08842242239337428,-0.12754947724137497,0.1812232679260926,0.18111705614099957,-0.11904029159759744,-0.12578908977040182,-0.17770393099650528,0.05,1.0,0.0,0.02,1e-09
132.255410396996,C,-1,0.17089796649966388,0.08832447839197011,-0.12752827828904748,0.18118597023548189,0.1798977932934692,-0.11519023210248652,-0.12572169426898436,-0.17776542800323275,0.05,1.0,0.0,0.02,1e-09
132.31143864899786,C,-1,0.17089796649966388,0.08832447839197011,-0.12752827828904748,0.18118597023548189,0.1798977932934692,-0.11519023210248652,-0.12572169426898436,-0.17776542800323275,0.05,1.0,0.0,0.02,1e-09
132.36695242299902,C,-1,0.1708991435716417,0.08826663871215154,-0.1275157583938019,0.18116394671729996,0.17911596245306888,-0.11295997139555757,-0.12568187082817486,-0.17780171625893848,0.05,1.0,0.0,0.02,1e-09
132.40709801799676,C,-1,0.1708991435716417,0.08826663871215154,-0.1275157583938019,0.18116394671729996,0.17911596245306888,-0.11295997139555757,-0.12568187082817486,-0.17780171625893848,0.05,1.0,0.0,0.02,1e-09
132.46303715599788,C,-1,0.170899824354674,0.08823248331981572,-0.12750836477985728,0.18115094218819203,0.17863322706383009,-0.11165857813892993,-0.12565834604985052,-0.17782313534931385,0.05,1.0,0.0,0.02,1e-09
132.50652100699517,C,-1,0.170899824354674,0.08823248331981572,-0.12750836477985728,0.18115094218819203,0.17863322706383009,-0.11165857813892993,-0.12565834604985052,-0.17782313534931385,0.05,1.0,0.0,0.02,1e-09
132.5677894019973,C,-1,0.1709002213755696,0.08821231433212338,-0.12750399866644294,0.18114326319203894,0.17834093431154627,-0.1108956427648031,-0.1256444516146687,-0.1778357800517238,0.05,1.0,0.0,0.02,1e-09
132.6051954959985,C,-1,0.1709002213755696,0.08821231433212338,-0.12750399866644294,0.18114326319203894,0.17834093431154627,-0.1108956427648031,-0.1256444516146687,-0.1778357800517238,0.05,1.0,0.0,0.02,1e-09
132.65943961699668,C,-1,0.17090045407779839,0.08820040454815814,-0.12750142043007698,0.18113872883843418,0.17816583499711428,-0.11044708378685644,-0.12563624594305398,-0.17784324555611486,0.05,1.0,0.0,0.02,1e-09
132.7041354009998,C,-1,0.17090045407779839,0.08820040454815814,-0.12750142043007698,0.18113872883843418,0.17816583499711428,-0.11044708378685644,-0.12563624594305398,-0.17784324555611486,0.05,1.0,0.0,0.02,1e-09
132.7609571609937,C,-1,0.17090059088128845,0.08819337187071116,-0.1274998979758888,0.18113605135384542,0.17806157226701222,-0.1101828971641117,-0.12563140017625457,-0.1778476534900606,0.05,1.0,0.0,0.02,1e-09
132.8088359329995,C,-1,0.17090059088128845,0.08819337187071116,-0.1274998979758888,0.18113605135384542,0.17806157226701222,-0.1101828971641117,-0.12563140017625457,-0.1778476534900606,0.05,1.0,0.0,0.02,1e-09
132.86423302699404,C,-1,0.17090067144983756,0.0881892191210534,-0.12749899897015113,0.18113447032718652,0.17799970433464282,-0.11002713659838032,-0.12562853866023055,-0.17785025620163292,0.05,1.0,0.0,0.02,1e-09
132.91638766999677,C,-1,0.17090067144983756,0.0881892191210534,-0.12749899897015113,0.18113447032718652,0.17799970433464282,-0.11002713659838032,-0.12562853866023055,-0.17785025620163292,0.05,1.0,0.0,0.02,1e-09
132.95910592199652,C,-1,0.1709007189452251,0.08818676695599298,-0.12749846810944857,0.18113353674443253,0.1779630668900295,-0.10993524504951377,-0.125626848915779,-0.17785179303266996,0.05,1.0,0.0,0.02,1e-09
133.0068380579978,C,-1,0.1709007189452251,0.08818676695599298,-0.12749846810944857,0.18113353674443253,0.1779630668900295,-0.10993524504951377,-0.125626848915779,-0.17785179303266996,0.05,1.0,0.0,0.02,1e-09
133.062902878999,C,-1,0.17090074696126187,0.08818531897442972,-0.12749815463825248,0.18113298547144063,0.17794139625682995,-0.10988101316225377,-0.12562585112211247,-0.17785270050096558,0.05,1.0,0.0,0.02,1e-09
133.10941260499385,C,-1,0.17090074696126187,0.08818531897442972,-0.12749815463825248,0.18113298547144063,0.17794139625682995,-0.10988101316225377,-0.12562585112211247,-0.17785270050096558,0.05,1.0,0.0,0.02,1e-09
133.1596862439983,C,-1,0.17090076349476754,0.08818446395483587,-0.12749796953581244,0.1811326599499625,0.17792858721521726,-0.10984899994774965,-0.12562526192911105,-0.1778532363465533,0.05,1.0,0.0,0.02,1e-09
133.20696562499506,C,-1,0.17090077325451447,0.08818395907396082,-0.12749786023450885,0.1811324677328125,0.17792101916048295,-0.10983010001321414,-0.12562491401447334,-0.1778535527560951,0.05,1.0,0.0,0.02,1e-09
133.2581311479953,C,-1,0.17090077325451447,0.08818395907396082,-0.12749786023450885,0.1811324677328125,0.17792101916048295,-0.10983010001321414,-0.12562491401447334,-0.1778535527560951,0.05,1.0,0.0,0.02,1e-09
133.3109340689989,C,-1,0.17090077901645706,0.08818366094672912,-0.1274977956931243,0.18113235423051657,0.17791654875075122,-0.10981894102846938,-0.1256247085736391,-0.1778537395920956,0.05,1.0,0.0,0.02,1e-09
133.35697549999895,C,-1,0.17090077901645706,0.08818366094672912,-0.1274977956931243,0.18113235423051657,0.17791654875075122,-0.10981894102846938,-0.1256247085736391,-0.1778537395920956,0.05,1.0,0.0,0.02,1e-09
133.41501222799707,C,-1,0.1709007824184458,0.0881834849055372,-0.12749775758206186,0.18113228720854868,0.17791390847844585,-0.10981235219115651,-0.1256245872626299,-0.17785384991665137,0.05,1.0,0.0,0.02,1e-09
133.46928622799896,C,-1,0.1709007824184458,0.0881834849055372,-0.12749775758206186,0.18113228720854868,0.17791390847844585,-0.10981235219115651,-0.1256245872626299,-0.17785384991665137,0.05,1.0,0.0,0.02,1e-09
133.50675799499732,C,-1,0.17090078442715267,0.08818338095495862,-0.1274977350778533,0.1811322476327475,0.17791234923575933,-0.1098084616991109,-0.12562451562960428,-0.1778539150621165,0.05,1.0,0.0,0.02,1e-09
133.5598579169964,C,-1,0.17090078442715267,0.08818338095495862,-0.1274977350778533,0.1811322476327475,0.17791234923575933,-0.1098084616991109,-0.12562451562960428,-0.1778539150621165,0.05,1.0,0.0,0.02,1e-09