Link Name,Center of Mass X,Center of Mass Y,Center of Mass Z,Center of Mass Roll,Center of Mass Pitch,Center of Mass Yaw,Mass,Moment Ixx,Moment Ixy,Moment Ixz,Moment Iyy,Moment Iyz,Moment Izz,Visual X,Visual Y,Visual Z,Visual Roll,Visual Pitch,Visual Yaw,Mesh Filename,Color Red,Color Green,Color Blue,Color Alpha,Collision X,Collision Y,Collision Z,Collision Roll,Collision Pitch,Collision Yaw,Collision Mesh Filename,Material Name,SW Components,Coordinate System,Axis Name,Joint Name,Joint Type,Joint Origin X,Joint Origin Y,Joint Origin Z,Joint Origin Roll,Joint Origin Pitch,Joint Origin Yaw,Parent,Joint Axis X,Joint Axis Y,Joint Axis Z,Limit Effort,Limit Velocity,Limit Lower,Limit Upper,Calibration rising,Calibration falling,Dynamics Damping,Dynamics Friction,Safety Soft Upper,Safety Soft Lower,Safety K Position,Safety K Velocity
base_link,"0,000831267190041229","0,000389900981435052","0,0252974025915793",0,0,0,"0,74009576823452","0,000386414576483157","2,24367637420353E-11","1,01457089361065E-06","0,00104867872430947","-3,68062539293907E-08","0,00128987179115906",0,0,0,0,0,0,package://Peter_3.0_completo/meshes/base_link.STL,"0,792156862745098","0,819607843137255","0,933333333333333",1,0,0,0,0,0,0,package://Peter_3.0_completo/meshes/base_link.STL,,Base_cuerpo-1;servo_con_horn-1/servo_motor-1;servo_con_horn-4/servo_motor-1;servo_con_horn-4/tapa_servos-1;servo_con_horn-1/tapa_servos-1;servo_con_horn-2/tapa_servos-1;servo_con_horn-2/servo_motor-1;servo_con_horn-6/servo_motor-1;servo_con_horn-6/tapa_servos-1;lidar_test-2;esqueleto-1;M90S_ali-1/M90S_ali.step-1/etiquette.step-1;M90S_ali-1/M90S_ali.step-1/base001.step-1;bateria-1,base_IK,,,,0,0,0,0,0,0,,0,0,0,,,,,,,,,,,,
RuedaL_link,"-2,60208521396521E-17","-9,9370392335256E-05",0,0,0,0,"0,00478152125784282","2,26061761156593E-07","-3,24514646395537E-23","-1,66132506534916E-09","2,88691178201328E-07","2,65663240724322E-23","2,51562599444592E-07",0,0,0,0,0,0,package://Peter_3.0_completo/meshes/RuedaL_link.STL,"0,792156862745098","0,819607843137255","0,933333333333333",1,0,0,0,0,0,0,package://Peter_3.0_completo/meshes/RuedaL_link.STL,,ruedaLoca-1,RuedaL_IK,RuedaL_eje,RuedaL_joint,fixed,"0,000748623602797038","-0,000383625542274181","-0,0396066754484228","1,5707963267949",0,"1,5707963267949",base_link,0,0,0,,,,,,,,,,,,
CoxisRU_link,"0,0373077431929926","0,00344959291142","-0,0260561545125268",0,0,0,"0,0515847056526637","1,79650415378127E-05","2,19189489331081E-07","-3,89806580766387E-07","1,67946166656814E-05","2,74340446871527E-08","8,76852838608537E-06",0,0,0,0,0,0,package://Peter_3.0_completo/meshes/CoxisRU_link.STL,"0,792156862745098","0,819607843137255","0,933333333333333",1,0,0,0,0,0,0,package://Peter_3.0_completo/meshes/CoxisRU_link.STL,,coxa_L-1;servo_con_horn-1/servo_arm_round-1;servo_con_horn-3/servo_motor-1;servo_con_horn-3/tapa_servos-1,CoxisRU_IK,CoxisRU_eje,CoxisRU_joint,revolute,"0,096588","-0,060798","-0,0098","3,1416",0,"-1,5708",base_link,0,0,-1,200,200,-2,"1,13",,,,,,,,
FemurRU_link,"0,0280298419372188","0,0170017130022575","0,02801029353359",0,0,0,"0,0322370098830192","2,36008175448379E-05","-4,09665216602853E-06","6,42984550158153E-07","2,84230373430453E-05","-2,10801430812595E-07","1,11394349051176E-05",0,0,0,0,0,0,package://Peter_3.0_completo/meshes/FemurRU_link.STL,"0,8","0,8","0,8",1,0,0,0,0,0,0,package://Peter_3.0_completo/meshes/FemurRU_link.STL,,servo_con_horn-3/servo_arm_round-1;femur-1,FemurRU_IK,FemurRU_eje,FemurRU_joint,revolute,"0,045319","-0,0237","-0,015752","-1,5708",0,0,CoxisRU_link,"0,051392",0,"-0,99868",200,200,"-0,35","2,8",,,,,,,,
TibiaRU_link,"0,031935634614015","-0,00117480253668045","0,0271788159536916",0,0,0,"0,0667714115678162","8,95236989231644E-06","2,06887932736198E-06","-7,18730831835981E-07","2,31375408714948E-05","3,25313377933762E-07","2,07987476859839E-05",0,0,0,0,0,0,package://Peter_3.0_completo/meshes/TibiaRU_link.STL,"0,792156862745098","0,819607843137255","0,933333333333333",1,0,0,0,0,0,0,package://Peter_3.0_completo/meshes/TibiaRU_link.STL,,tibia_ensamble-1/tibia_completa-1;tibia_ensamble-1/servo_con_horn-1/servo_motor-1;tibia_ensamble-1/servo_con_horn-1/servo_arm_round-1;tibia_ensamble-1/servo_con_horn-1/tapa_servos-1;tibia_ensamble-1/tibia_2_motor_R-2;tibia_ensamble-1/caja_cover-1;tibia_ensamble-1/tope_rueda-1,TibiaRU_IK,TibiaRU_eje,TibiaRU_joint,revolute,"0,06042","0,034948","0,0031092",0,0,"-1,5708",FemurRU_link,0,"-0,051392","0,99868",200,200,"-0,43","2,7",,,,,,,,
RuedaRU_link,"0,000199918139693445","-0,000341992268436508","0,00959253134125242",0,0,0,"0,0410439694665572","5,18020756884856E-06","-3,6759683835391E-11","-3,33131962692676E-10","5,18026347204049E-06","7,3064402727003E-09","9,73024429450851E-06",0,0,0,0,0,0,package://Peter_3.0_completo/meshes/RuedaRU_link.STL,"0,792156862745098","0,819607843137255","0,933333333333333",1,0,0,0,0,0,0,package://Peter_3.0_completo/meshes/RuedaRU_link.STL,,tibia_ensamble-1/OmniWheel-1/Half-1/Frame-1;tibia_ensamble-1/OmniWheel-1/Half-1/Roller-5;tibia_ensamble-1/OmniWheel-1/Half-1/Roller-4;tibia_ensamble-1/OmniWheel-1/Half-2/Roller-3;tibia_ensamble-1/OmniWheel-1/Half-2/Roller-2;tibia_ensamble-1/OmniWheel-1/Half-2/Roller-4;tibia_ensamble-1/OmniWheel-1/Half-2/Roller-5;tibia_ensamble-1/OmniWheel-1/Half-1/Roller-1;tibia_ensamble-1/OmniWheel-1/Half-1/Roller-3;tibia_ensamble-1/OmniWheel-1/Half-1/Roller-2;tibia_ensamble-1/OmniWheel-1/Half-2/Roller-1;tibia_ensamble-1/Мотор с шестеней-1/вал-1;tibia_ensamble-1/OmniWheel-1/Half-2/Frame-1,RuedaRU_IK,RuedaRU_eje,RuedaRU_joint,continuous,"0,109539977240268","-0,0076711055817173","0,0283762200987518",0,"1,5707963267949",0,TibiaRU_link,"8,35837727566709E-05","-0,00162426112226136","-0,999998677393905",,,,,,,,,,,,
CoxisRD_link,"0,0369651813320451","0,00583094163920361","-0,026056041542807",0,0,0,"0,0515847017813385","1,79305674043856E-05","2,95303067672398E-07","-3,90881428846353E-07","1,68290863383272E-05","1,29882473297429E-09","8,76852676058606E-06",0,0,0,0,0,0,package://Peter_3.0_completo/meshes/CoxisRD_link.STL,"0,792156862745098","0,819607843137255","0,933333333333333",1,0,0,0,0,0,0,package://Peter_3.0_completo/meshes/CoxisRD_link.STL,,coxa_L-2;servo_con_horn-2/servo_arm_round-1;servo_con_horn-5/servo_motor-1;servo_con_horn-5/tapa_servos-1,CoxisRD_IK,CoxisRD_eje,CoxisRD_joint,revolute,"-0,09323","-0,060798","-0,0098","3,1416",0,"-1,5708",base_link,0,0,-1,200,200,-2,"1,13",,,,,,,,
FemurRD_link,"0,0243105159422555","0,019893023342338","0,0296094490036057",0,0,0,"0,0322370091635994","2,43340126263056E-05","-4,47276103623778E-06","1,57243402408369E-06","2,75360075262037E-05","-5,31676553996605E-07","1,12932677467744E-05",0,0,0,0,0,0,package://Peter_3.0_completo/meshes/FemurRD_link.STL,"0,792156862745098","0,819607843137255","0,933333333333333",1,0,0,0,0,0,0,package://Peter_3.0_completo/meshes/FemurRD_link.STL,,femur-3;servo_con_horn-5/servo_arm_round-1,FemurRD_IK,FemurRD_eje,FemurRD_joint,revolute,"0,046773","-0,020724","-0,015752","-1,5708",0,0,CoxisRD_link,"0,11804",0,"-0,99301",200,200,"-0,35","2,8",,,,,,,,
TibiaRD_link,"0,0318290954932926","-0,000613422978720496","0,0273218841045819",0,0,0,"0,0667714118308176","8,72891309208237E-06","1,03660790964968E-06","-7,19709509744778E-07","2,33186432286234E-05","4,4401514010959E-07","2,08411022697644E-05",0,0,0,0,0,0,package://Peter_3.0_completo/meshes/TibiaRD_link.STL,"0,792156862745098","0,819607843137255","0,933333333333333",1,0,0,0,0,0,0,package://Peter_3.0_completo/meshes/TibiaRD_link.STL,,tibia_ensamble-2/servo_con_horn-1/servo_motor-1;tibia_ensamble-2/servo_con_horn-1/servo_arm_round-1;tibia_ensamble-2/servo_con_horn-1/tapa_servos-1;tibia_ensamble-2/tibia_completa-1;tibia_ensamble-2/tibia_2_motor_R-2;tibia_ensamble-2/caja_cover-1;tibia_ensamble-2/tope_rueda-1,TibiaRD_IK,TibiaRD_eje,TibiaRD_joint,revolute,"0,056409","0,040891","0,0067056",0,0,"-1,5708",FemurRD_link,0,"-0,11804","0,99301",200,200,"-0,43","2,7",,,,,,,,
RuedaRD_link,"0,000137366855968102","0,00038691380318942","0,00959192439896971",0,0,0,"0,0410439698241763","5,180583164812E-06","-3,15989384518624E-09","-4,09423877593772E-08","5,20653033968535E-06","3,44804654363157E-07","9,70360182547316E-06",0,0,0,0,0,0,package://Peter_3.0_completo/meshes/RuedaRD_link.STL,"0,298039215686275","0,298039215686275","0,298039215686275",1,0,0,0,0,0,0,package://Peter_3.0_completo/meshes/RuedaRD_link.STL,,tibia_ensamble-2/OmniWheel-1/Half-2/Roller-3;tibia_ensamble-2/OmniWheel-1/Half-2/Roller-4;tibia_ensamble-2/OmniWheel-1/Half-2/Roller-5;tibia_ensamble-2/OmniWheel-1/Half-2/Roller-1;tibia_ensamble-2/OmniWheel-1/Half-2/Frame-1;tibia_ensamble-2/OmniWheel-1/Half-2/Roller-2;tibia_ensamble-2/OmniWheel-1/Half-1/Roller-4;tibia_ensamble-2/OmniWheel-1/Half-1/Roller-5;tibia_ensamble-2/OmniWheel-1/Half-1/Frame-1;tibia_ensamble-2/Мотор с шестеней-1/вал-1;tibia_ensamble-2/OmniWheel-1/Half-1/Roller-3;tibia_ensamble-2/OmniWheel-1/Half-1/Roller-2;tibia_ensamble-2/OmniWheel-1/Half-1/Roller-1,RuedaRD_IK,RuedaRD_eje,RuedaRD_joint,continuous,"0,109696793417255","-0,00138265547481653","0,0287708901417234",0,"1,5707963267949",0,TibiaRD_link,"0,00903692524308548","-0,0760217790170896","-0,997065205037879",,,,,,,,,,,,
CoxisLU_link,"0,0371090998945719","0,00406660736411779","-0,026056041382869",0,0,0,"0,0515847042228037","1,80043315016589E-05","2,27849133405711E-08","-3,76963325270919E-07","1,67553243896817E-05","-1,03391784551128E-07","8,7685284154472E-06",0,0,0,0,0,0,package://Peter_3.0_completo/meshes/CoxisLU_link.STL,"0,792156862745098","0,819607843137255","0,933333333333333",1,0,0,0,0,0,0,package://Peter_3.0_completo/meshes/CoxisLU_link.STL,,coxa_R-1;servo_con_horn-4/servo_arm_round-1;servo_motor-1;tapa_servos-1,CoxisLU_IK,CoxisLU_eje,CoxisLU_joint,revolute,"0,096588","0,060798","-0,0098","-3,1416",0,"1,5708",base_link,0,0,-1,200,200,"-1,13",2,,,,,,,,
FemurLU_link,"0,0333715729504286","0,0164235694898136","-0,0219103354014472",0,0,0,"0,0322370074530517","2,32264419710372E-05","-3,9710068084551E-06","1,78248483249396E-06","2,85683505569246E-05","-5,83986524251586E-07","1,13684911251401E-05",0,0,0,0,0,0,package://Peter_3.0_completo/meshes/FemurLU_link.STL,"0,8","0,8","0,8",1,0,0,0,0,0,0,package://Peter_3.0_completo/meshes/FemurLU_link.STL,,servo_arm_round-1;femur-2,FemurLU_IK,FemurLU_eje,FemurLU_joint,revolute,"0,039628","0,032261","-0,015752","-1,5708",0,0,CoxisLU_link,"-0,1455",0,"0,98936",200,200,"-2,8","0,35",,,,,,,,
TibiaLU_link,"0,0318285849841624","0,00339153923520577","-0,0270076360976863",0,0,0,"0,0667476310976818","9,09397961908622E-06","2,33030237960494E-06","1,07661256560995E-06","2,3417647902328E-05","1,1103216710962E-07","2,10737330891965E-05",0,0,0,0,0,0,package://Peter_3.0_completo/meshes/TibiaLU_link.STL,"0,792156862745098","0,819607843137255","0,933333333333333",1,0,0,0,0,0,0,package://Peter_3.0_completo/meshes/TibiaLU_link.STL,,tibia_ensamble_R-1/Tibia_completa_R-1;tibia_ensamble_R-1/servo_con_horn-1/servo_motor-1;tibia_ensamble_R-1/servo_con_horn-1/servo_arm_round-1;tibia_ensamble_R-1/servo_con_horn-1/tapa_servos-1;tibia_ensamble_R-1/tibia_2_motor_R-1;tibia_ensamble_R-1/caja_cover-1;tibia_ensamble_R-1/tope_rueda-1,TibiaLU_IK,TibiaLU_eje,TibiaLU_joint,revolute,"0,060661","0,033759","0,0089212",0,0,"-1,5708",FemurLU_link,0,"0,1455","-0,98936",200,200,"-2,7","0,43",,,,,,,,
RuedaLU_link,"0,00026569425244416","-0,000555240217366831","0,0095810260446705",0,0,0,"0,0410439695181042","5,18026609332541E-06","-3,87903181233704E-10","1,52805950539571E-08","5,18260531789493E-06","-1,03614195931657E-07","9,72784392317155E-06",0,0,0,0,0,0,package://Peter_3.0_completo/meshes/RuedaLU_link.STL,"0,898039215686275","0,898039215686275","0,898039215686275",1,0,0,0,0,0,0,package://Peter_3.0_completo/meshes/RuedaLU_link.STL,,tibia_ensamble_R-1/Мотор с шестеней-1/вал-1;tibia_ensamble_R-1/OmniWheel_new-1/Half-1/Frame-1;tibia_ensamble_R-1/OmniWheel_new-1/Half-1/Roller-3;tibia_ensamble_R-1/OmniWheel_new-1/Half-2/Roller-2;tibia_ensamble_R-1/OmniWheel_new-1/Half-2/Roller-1;tibia_ensamble_R-1/OmniWheel_new-1/Half-2/Frame-1;tibia_ensamble_R-1/OmniWheel_new-1/Half-1/Roller-4;tibia_ensamble_R-1/OmniWheel_new-1/Half-1/Roller-2;tibia_ensamble_R-1/OmniWheel_new-1/Half-1/Roller-1;tibia_ensamble_R-1/OmniWheel_new-1/Half-2/Roller-5;tibia_ensamble_R-1/OmniWheel_new-1/Half-1/Roller-5;tibia_ensamble_R-1/OmniWheel_new-1/Half-2/Roller-3;tibia_ensamble_R-1/OmniWheel_new-1/Half-2/Roller-4,RuedaLU_IK,RuedaLU_eje,RuedaLU_joint,continuous,"0,109353047449084","-0,00459051118128878","-0,0302190306176173",0,"1,5707963267949",0,TibiaLU_link,"-0,0033473808290709","0,0227609837826761","-0,999735331304656",,,,,,,,,,,,
CoxisLD_link,"0,0370615210393103","-0,0052408639190108","-0,0260561571124523",0,0,0,"0,0515847132031574","1,79397160808874E-05","-2,77581758447214E-07","-3,90701690343145E-07","1,68199518967991E-05","-7,56173523280061E-09","8,76853285208694E-06",0,0,0,0,0,0,package://Peter_3.0_completo/meshes/CoxisLD_link.STL,"0,792156862745098","0,819607843137255","0,933333333333333",1,0,0,0,0,0,0,package://Peter_3.0_completo/meshes/CoxisLD_link.STL,,coxa_R-2;servo_con_horn-6/servo_arm_round-1;servo_con_horn-8/servo_motor-1;servo_con_horn-8/tapa_servos-1,CoxisLD_IK,CoxisLD_eje,CoxisLD_joint,revolute,"-0,09323","0,060798","-0,0098","-3,1416",0,"1,5708",base_link,0,0,-1,200,200,"-1,13",2,,,,,,,,
FemurLD_link,"0,027774514363455","0,0148424282723142","-0,0295251014295534",0,0,0,"0,0322370081893243","2,29585271907002E-05","-3,70722182368232E-06","-1,21736686442898E-06","2,89733751972465E-05","3,80755988407062E-07","1,12313831751207E-05",0,0,0,0,0,0,package://Peter_3.0_completo/meshes/FemurLD_link.STL,"0,792156862745098","0,819607843137255","0,933333333333333",1,0,0,0,0,0,0,package://Peter_3.0_completo/meshes/FemurLD_link.STL,,femur-4;servo_con_horn-8/servo_arm_round-1,FemurLD_IK,FemurLD_eje,FemurLD_joint,revolute,"0,046435","0,021468","-0,015752","-1,5708",0,0,CoxisLD_link,"0,10217",0,"0,99477",200,200,"-2,8","0,35",,,,,,,,
TibiaLD_link,"0,0318214746065825","-0,00366034607728369","-0,0269809078569606",0,0,0,"0,0667476309214474","9,14334330424273E-06","2,66148535396861E-06","4,54250835843257E-07","2,32786333846721E-05","-4,62803502676568E-07","2,11633838325117E-05",0,0,0,0,0,0,package://Peter_3.0_completo/meshes/TibiaLD_link.STL,"0,8","0,8","0,8",1,0,0,0,0,0,0,package://Peter_3.0_completo/meshes/TibiaLD_link.STL,,tibia_ensamble_R-2/servo_con_horn-1/servo_arm_round-1;tibia_ensamble_R-2/servo_con_horn-1/tapa_servos-1;tibia_ensamble_R-2/Tibia_completa_R-1;tibia_ensamble_R-2/servo_con_horn-1/servo_motor-1;tibia_ensamble_R-2/tibia_2_motor_R-1;tibia_ensamble_R-2/caja_cover-1;tibia_ensamble_R-2/tope_rueda-1,TibiaLD_IK,TibiaLD_eje,TibiaLD_joint,revolute,"0,062664","0,030509","-0,0064363",0,0,"-1,5708",FemurLD_link,0,"-0,10217","-0,99477",200,200,"-2,7","0,43",,,,,,,,
RuedaLD_link,"0,000111508335068344","-0,000696404011482465","0,00957483850452766",0,0,0,"0,0410439695671941","5,18024833823711E-06","4,67422857029879E-10","-1,51847380388351E-08","5,18509703141255E-06","-1,48247481258464E-07","9,72536996425234E-06",0,0,0,0,0,0,package://Peter_3.0_completo/meshes/RuedaLD_link.STL,"0,298039215686275","0,298039215686275","0,298039215686275",1,0,0,0,0,0,0,package://Peter_3.0_completo/meshes/RuedaLD_link.STL,,tibia_ensamble_R-2/OmniWheel_new-1/Half-1/Roller-2;tibia_ensamble_R-2/OmniWheel_new-1/Half-1/Frame-1;tibia_ensamble_R-2/OmniWheel_new-1/Half-2/Frame-1;tibia_ensamble_R-2/OmniWheel_new-1/Half-2/Roller-1;tibia_ensamble_R-2/OmniWheel_new-1/Half-1/Roller-3;tibia_ensamble_R-2/OmniWheel_new-1/Half-2/Roller-5;tibia_ensamble_R-2/OmniWheel_new-1/Half-1/Roller-1;tibia_ensamble_R-2/OmniWheel_new-1/Half-2/Roller-4;tibia_ensamble_R-2/OmniWheel_new-1/Half-1/Roller-5;tibia_ensamble_R-2/OmniWheel_new-1/Half-1/Roller-4;tibia_ensamble_R-2/OmniWheel_new-1/Half-2/Roller-3;tibia_ensamble_R-2/OmniWheel_new-1/Half-2/Roller-2;tibia_ensamble_R-2/Мотор с шестеней-1/вал-1,RuedaLD_IK,RuedaLD_eje,RuedaLD_joint,continuous,"0,10926","-0,012938","-0,028054",0,"1,5708",0,TibiaLD_link,"0,0033463","0,03258","-0,99946",,,,,,,,,,,,
Head_z_link,"0,00178460148633564","-0,00540790452305463","0,0079769328978645",0,0,0,"0,0103184369301582","6,03799008240543E-07","-5,74646941196004E-08","1,04136250166302E-09","7,81694409278722E-07","-1,30535317496501E-08","1,14580887317675E-06",0,0,0,0,0,0,package://Peter_3.0_completo/meshes/Head_z_link.STL,"0,298039215686275","0,298039215686275","0,298039215686275",1,0,0,0,0,0,0,package://Peter_3.0_completo/meshes/Head_z_link.STL,,servo_brazo-1;cuello_cam_def-1;M90S_ali-2/M90S_ali.step-1/base001.step-1;M90S_ali-2,Head_z_IK,Head_z_eje,Head_z_joint,revolute,"0,077725","0,0055","0,0205",0,0,0,base_link,0,0,1,200,200,"-1,57","1,57",,,,,,,,
Head_y_link,"0,0285985652000156","-0,0157988805439243","0,0165845293359016",0,0,0,"0,0163382220637024","5,1822549216056E-06","3,79870864042615E-07","5,64157454343844E-08","2,78198230437846E-06","1,85983561503811E-07","3,70745019487904E-06",0,0,0,0,0,0,package://Peter_3.0_completo/meshes/Head_y_link.STL,"0,792156862745098","0,819607843137255","0,933333333333333",1,0,0,0,0,0,0,package://Peter_3.0_completo/meshes/Head_y_link.STL,,cabeza_cam-1;ESP3-CAM.step-1;servo_brazo-2,Head_y_IK,Head_y_eje,Head_y_joint,revolute,"0,00481057280523833","0,013430874479555","0,00994999999999966",0,0,0,Head_z_link,"0,113197942878959","-0,993572456204363",0,200,200,"-1,57","1,57",,,,,,,,
lidar_link,"9,81087993409124E-05","7,85641738580093E-05","-0,0107757447995264",0,0,0,"0,0120321644827466","2,21429850902999E-06","-3,38753438526488E-08","4,84631029572256E-09","2,13896937374521E-06","4,19024170674008E-09","3,87805341770386E-06",0,0,0,0,0,0,package://Peter_3.0_completo/meshes/lidar_link.STL,"0,752941176470588","0,752941176470588","0,752941176470588",1,0,0,0,0,0,0,package://Peter_3.0_completo/meshes/lidar_link.STL,,LD19_v2.step-1,Lidar_IK,Axis_lidar_joint,lidar_joint,fixed,"-0,00184471327732116","0,000713667734151305","0,105999997",0,0,0,base_link,0,0,0,,,,,,,,,,,,
